username,name,address,email,password
Sigmund25,Theodore Monahan,29135 Emard Knolls,Kyle.Braun28@hotmail.com,Lamont
Carissa.Schinner9,Dominic Ortiz,69564 Virgie Points,Michele34@gmail.com,Doyle
Noah.Huels,Randall Wilkinson DDS,06775 Mueller Port,Emilia.Buckridge45@yahoo.com,Howard
Erick_Orn57,Avis Smitham,815 Jackie Mountains,Frida.Lindgren28@hotmail.com,Jazmyn
Destinee23,Vivienne Mosciski,89580 Paucek Inlet,Alana_Jacobi0@gmail.com,Mae
Tavares57,Leanne Ward,10085 Luettgen Ramp,Eda_Wuckert@gmail.com,Marcelino
Moshe_Batz,Jasmin O'Conner,6989 Otho Crossing,Micaela76@yahoo.com,Guillermo
Sylvan30,Waino Nienow,050 Myrtle Drive,Rebeca36@yahoo.com,Pink
Flo_Heidenreich,Nora Wilkinson,800 Morris Forge,Kaycee22@gmail.com,Krista
Hubert.Deckow76,Miss Judge Will,0665 Luettgen Locks,Irwin89@gmail.com,Brandi
Ara.Spinka19,Mekhi Mayer,7720 Gerlach Loop,Lora.Kshlerin47@yahoo.com,Derek
Elizabeth60,Joana Haag,865 Ophelia Island,Marcelle95@yahoo.com,Maximo
Tierra.Klein42,Kenyatta Volkman,584 Braun Port,Carleton_Barrows@gmail.com,Neoma
Josephine_Witting,Lorena Lind,496 Xzavier Common,Jena.Nicolas22@gmail.com,Ettie
Bell4,Oswaldo Leffler,1467 Gutmann Plaza,Roel25@gmail.com,Joannie
Leatha37,Cleve Beer,8679 Nikolaus Street,Joyce62@hotmail.com,Mathilde
Victoria53,Braeden Renner,314 Stark Street,Enoch.Schaefer53@gmail.com,Kian
Cindy_Streich38,Dudley Wisoky MD,78790 Adams Hills,Wanda.Mayert@yahoo.com,Imelda
Marisa_Effertz55,Ms. Kelvin Kiehn,97270 Koch Street,Chandler_Donnelly@yahoo.com,Pietro
Agnes.Hudson,Kyleigh Hessel,079 Aufderhar Tunnel,Wayne.Grimes71@hotmail.com,Helen
Wyman_Dietrich,Kiana Reilly DDS,0752 Jarrett Harbors,Jessika_Rempel17@yahoo.com,Noemie
Elda.Hickle5,Colton Vandervort,005 Elna Bridge,Alisa83@yahoo.com,Malinda
Mallie_Schroeder92,Everette Watsica,5732 Arvilla Points,Frederik_Keebler@hotmail.com,Norberto
Maiya_Baumbach67,Eulah Stehr,116 Hirthe Inlet,Shakira_Langosh@hotmail.com,Jaquelin
Lorenz.Connelly73,Thad Labadie,3738 Treutel Loaf,Amalia.Bashirian94@gmail.com,Betty
Joanie_Price59,Dr. Mireya Turcotte,60544 Buster Locks,Jalon.Jacobs@hotmail.com,Reymundo
Veda90,Bonnie Grant,0960 Murazik Well,Madelyn_Bednar36@gmail.com,Wellington
Murray.Zieme,Ebony Bode,723 Nicholaus Turnpike,Sedrick_Lemke11@yahoo.com,Dee
Sherman.Cruickshank3,Arnaldo Hettinger,951 Schmeler Meadows,Peggie98@gmail.com,Maryjane
Lexie.King,Isaias Veum,053 Koch Rapid,Orie_Hayes@gmail.com,Miracle
Rowan25,Ms. Jordan Marquardt,870 Larkin Points,Michel_Price37@gmail.com,Demetris
Amparo_Pfeffer,Stanley Hills,910 Camille Grove,Abigale_Gusikowski69@hotmail.com,Felicity
Jacky_DuBuque48,Luigi Kemmer,099 Lisandro Mall,Rex.McClure98@hotmail.com,Claudia
Braden1,Rashad Rohan,806 Penelope Walks,Ervin_Toy@hotmail.com,Kayla
Emerson.Schulist12,Cheyanne Dickinson,0792 Auer Plaza,Aliya.Lockman@yahoo.com,Sydnee
Garth.Denesik,Wilbert Nikolaus,4670 Bauch Meadow,Giovani_Spinka4@hotmail.com,Antone
Dawn_Homenick8,Chris Torphy I,9400 Kuhic Walks,Alysson.Terry73@yahoo.com,Katharina
Gloria_Reilly32,Albertha Mayert,11180 Douglas Garden,Noe39@yahoo.com,Sabrina
Aracely.Denesik35,Kali Terry,3053 Gage Trafficway,Leora.Maggio88@gmail.com,Bette
Dangelo_Jerde93,Diego Sawayn Sr.,123 Gutmann Harbors,Natasha_Herzog@gmail.com,Antonia
Arjun.Brakus54,Leonard Quitzon,43529 Sam Dale,Elna21@gmail.com,Mylene
Destany.Quigley31,Kayli Harris,836 Bartoletti Rue,Horace_Kuvalis19@gmail.com,Rusty
Cheyenne_Corwin87,Kylie Hauck,177 Abraham Turnpike,Molly_Reinger85@yahoo.com,Kitty
Kaley_Okuneva,Keenan Gaylord,8713 White Knoll,Donald6@gmail.com,Jerod
Gaylord.Gerlach,Marta Wisozk,211 Oral Lakes,Hattie96@gmail.com,Gregorio
Juwan66,Vicky Will,45486 Dane Mountain,Brielle.Satterfield56@yahoo.com,Jarrod
Ottilie_Orn,Nelda Lemke,7542 Ebert Drive,Judd_Hammes@hotmail.com,Floy
Shannon_Franecki,Pete Christiansen,6490 Jamarcus Parkway,Demario4@yahoo.com,Cristobal
Katelin_Koss,Blaise Fahey,4673 Rosina Roads,Abe.Bins@gmail.com,Maud
Erika_Miller,Ryan Rau,79049 Morar Island,Dennis7@yahoo.com,Jerrod
Viva23,Deondre Lowe,099 Antoinette Extensions,Gladyce67@hotmail.com,Pearline
Frida.Goldner23,Carlee Walsh,762 Therese Glens,Tracey79@hotmail.com,Michelle
Meagan.Altenwerth75,Maritza Paucek,591 Agustina Summit,Gladys.Schuppe@gmail.com,Wilmer
Beth.Bradtke,Federico Ruecker,777 Cremin Path,Aubree_Spencer@hotmail.com,Michele
Magali.Johnson54,Randall Stroman,73175 Roger Circle,Rosalee_Wiza80@hotmail.com,Lillian
Seth44,Enos Bins,860 Abbott Neck,Cletus.Jerde31@hotmail.com,Clarabelle
Torrey91,Amelie Bernier,3362 Buckridge Villages,David69@yahoo.com,Rossie
Geovany20,Margarita Lemke,7333 Ebert Skyway,Kenna_Tremblay@hotmail.com,Brent
Johann.Stoltenberg,Johnathon Funk,6400 Rebekah Overpass,Constantin30@yahoo.com,Clair
Reta86,Leda Schuster,19653 Hansen Field,Delmer.Wintheiser63@hotmail.com,Mekhi
Janice_Goodwin,Eugenia Jaskolski,0142 Ilene Cliffs,Eulah.Ankunding@hotmail.com,Maritza
Julien77,Brianne Labadie,0915 Justine Points,Euna_Lemke5@gmail.com,Lilly
Delbert8,Anabel Spencer,60699 McGlynn Center,Jeanette17@gmail.com,Eulah
Ashton.Kautzer,Rosemarie Hickle,317 Rosalind Bypass,Domenic.Lockman@hotmail.com,Sid
Edd.Jast15,Miss Shayne Pagac,3129 Quentin Pines,Lesley13@hotmail.com,Fatima
Cathrine.Gleichner26,Aubrey Raynor,245 Noe Haven,Jevon34@yahoo.com,Justine
Jason_Koch86,Mr. Miguel Kulas,1721 Octavia Plaza,Ila3@hotmail.com,Pasquale
Fernando.Deckow,Nelson Blick,25675 Lois Rest,Barbara.Bernhard39@yahoo.com,Mertie
Vito10,Mr. Eugenia Crist,161 Carissa Way,Victor.Huels@hotmail.com,Kristina
Hayley_Lemke34,Faustino Zieme,4081 Zoe Ports,Jace_Jacobson95@gmail.com,Laisha
Maximillia.Bins69,Jovany Batz,3012 Kuhic Cove,Holden_Spinka83@hotmail.com,Mac
Providenci_Cartwright92,Miss Carli Waelchi,8301 Gulgowski Crossroad,Trey77@hotmail.com,Evert
Kelsie43,Ariane O'Hara,596 Antwan Valley,Olaf_Barrows@gmail.com,Ezra
Dusty37,Dr. Ethan Goodwin,01319 Vita Crossing,Spencer_Cremin@yahoo.com,Julien
Alden_Keebler9,King Cronin,18365 Jeremy Mountain,Kristoffer68@gmail.com,Shayna
Felicita88,Kyra Cormier,33982 Parisian Freeway,Justice.Muller@yahoo.com,Harold
Rasheed96,Rylee Collier,7776 Jayden Green,Ludie.Anderson50@gmail.com,Maryam
Dorris.Herzog,Nakia Moore PhD,201 Haley Camp,Reyna.Padberg54@gmail.com,Alverta
Marilie.Auer89,Francesco Schroeder,4201 Abernathy Hill,Chad_Crooks95@hotmail.com,Aurore
Melyna.Runolfsson5,Fernando Kunze,05676 Grimes Crescent,Michaela47@hotmail.com,Marlon
Judah43,Darby Aufderhar,88161 Hilll Ranch,Lavern.Hamill@hotmail.com,Anderson
Lynn.Moore98,Tavares Quigley,334 Bergnaum Union,Marietta42@hotmail.com,Christian
Elias52,Mrs. Modesta Senger,963 O'Reilly Crest,Troy.Roob52@hotmail.com,Destinee
Izaiah.Rippin91,Alexandre Schuster,1283 Strosin Shoal,Karson.Roob69@gmail.com,Leon
Cleve.Kreiger20,Kareem Bergstrom,3146 Watsica Falls,Arvel70@hotmail.com,Marilou
Lenny_Simonis29,Wilma Marquardt,08430 Johns Lodge,Roxane.Prohaska22@yahoo.com,Kristina
Maud_Haley74,Paxton VonRueden,93944 Meagan Landing,Zackery.Reichert32@yahoo.com,Stacy
Vickie13,Mr. Constance Emard,3491 Ara Expressway,Arlo60@yahoo.com,Anastasia
America_Lynch96,Rebeka Nicolas,964 Kaia Station,Celine.Mante@hotmail.com,Stone
Lon_Bins75,Jerrold Hayes I,3090 Feil Walks,Keaton.Abshire24@gmail.com,Emma
Maynard.Larson,Jack Daniel,3335 Hester Wall,Clint.Walter@hotmail.com,Cathryn
Chyna62,Elwin Gleichner,2747 Johnpaul Plains,Ethyl81@gmail.com,Adah
Mikayla3,Ernesto Turner,57209 Altenwerth Burg,Dale_McDermott77@gmail.com,Theresia
Joshuah94,Dr. Remington Goldner,293 Avis Pass,Logan.Windler50@yahoo.com,Alvina
Brayan.Murphy,Parker Funk,77112 Cronin Spur,Enoch50@gmail.com,Lamar
Madyson_Hoeger52,Dessie Will,70167 Beatty Crossing,Beth_Bradtke33@yahoo.com,Krystina
Owen_Littel,Austyn Kuhn,50271 Edward Inlet,Arlo19@gmail.com,Lizzie
Celia_Wisozk,Miss Claudine Cassin,740 Rowe Terrace,Remington.Wisozk@gmail.com,Hobart
Wellington.Kreiger21,Braeden Heller,89896 Bailey Ridges,Lamont.Konopelski26@gmail.com,Bradly
Melody19,Carson Bosco,1354 Bauch Forge,Jaylon21@gmail.com,Shakira
George_Tromp,Giovani Grant,05017 Christiansen Cliffs,Claudie29@hotmail.com,Savion
Maye_Veum85,Stefanie Mayer,8333 Cara Trail,Austin91@yahoo.com,Emmie
Glennie89,Lurline Bergstrom,06538 Fisher Via,Dan57@yahoo.com,Russel
Melba_Doyle,Zakary Dickens,529 Pollich Cove,Vicky_Langosh@yahoo.com,Stacy
Elenor_Leannon,Davin Johns,3643 Langosh Keys,Remington75@yahoo.com,Kameron
Frederik_OKon,Nickolas Rutherford,618 Esther Greens,Juanita.Mosciski@hotmail.com,Davin
Filiberto.Schiller,Mrs. Tiara Purdy,3442 Velva Orchard,Orpha.Steuber10@hotmail.com,Sharon
Lukas_Monahan58,Mr. Foster Aufderhar,858 Keyon Plaza,Duane94@gmail.com,Cale
Gisselle_Stark35,Mellie Emmerich,83616 Orville Corner,Kolby82@hotmail.com,Nathanial
Oliver53,Toy Hartmann,859 Konopelski Park,Adolphus_Reynolds@hotmail.com,Hershel
Fernando.Dickinson31,Mr. Loy Herman,2033 Emiliano Expressway,Kayden.Cartwright@gmail.com,Patrick
Albina.Kunze,Triston Treutel,631 Shana Dale,Richard_Ebert@gmail.com,Wiley
Hailee_Funk75,Dessie Fritsch,863 VonRueden Plain,Eldora_Hilll@gmail.com,Georgianna
Verlie_Yundt,Herminio Windler IV,716 Lehner View,Tyrell.Welch@gmail.com,Cortez
Luigi.Lang,Annalise Sauer I,6167 Jackson Hills,Herminia.Eichmann63@gmail.com,Tatum
Tatum64,Fatima Cremin,631 Rossie Center,Abdul19@hotmail.com,Amari
Muhammad.Boyer56,Shyanne Wisoky,176 Hodkiewicz Walk,Larissa_Reynolds@hotmail.com,Wava
Evangeline55,Tanner Upton,6516 Kendall Crossing,Damien_Feil@yahoo.com,Marilou
Maverick.Smith91,Frieda Bergnaum MD,4619 Hoeger Forge,Aric50@hotmail.com,Ignatius
Lenore.Schaefer98,Aniyah Friesen,7502 Gulgowski Forges,Dorcas_Conroy@gmail.com,Janick
Maud78,Jedediah Eichmann,94276 Quinten Park,Dedric.Emmerich5@gmail.com,Demario
Nikko_Witting,Dr. Arne Lueilwitz,9820 Gerhold Roads,Thora80@yahoo.com,Anne
Eldora_Feest,Tavares Hahn IV,33021 Millie Junction,Amalia_Greenfelder@gmail.com,Rodrick
Buck0,Tamara Gerhold Jr.,610 Wunsch Harbors,Elmo93@yahoo.com,Brain
Jovany.Cole55,Una Grady,706 Wellington Fall,Darrell_Stanton@gmail.com,Alden
Elijah89,Lea Medhurst,097 D'Amore Turnpike,Bertha_Rogahn58@yahoo.com,Guillermo
Akeem23,Amara Hoppe,954 Helga Rapids,Geoffrey5@yahoo.com,Coby
Harrison_Ratke,Thora Stark III,62681 Kuphal Manor,Erik.Lockman71@yahoo.com,Manley
Jakayla.Heaney,Lazaro Schmidt,4391 Willow Summit,Johnny89@hotmail.com,Valentin
William_Greenholt,Daniella Schinner,1235 Destany Shores,Marvin.Weber@hotmail.com,Arch
Otis24,Sylvia Nitzsche,97114 Carmela Springs,Nico_Boyer20@gmail.com,Asa
Nadia.Wehner,Ms. Ruben Ebert,3208 Shields Oval,Damion_Barton91@gmail.com,Maribel
Zella_Pfeffer47,Mr. Nannie Schroeder,978 Sipes Knolls,Armani_Howe17@gmail.com,Florian
Judd.Weimann,Lavonne Pollich,0938 Marianna Junction,Hildegard_Rosenbaum64@gmail.com,Braulio
Gladyce_Armstrong90,Anibal Padberg,0532 Sarina Key,Annabell_Bartoletti@gmail.com,Dennis
Haleigh.Senger89,Elton Schimmel,035 Kshlerin Glen,Agustina.Becker99@hotmail.com,Jaren
Lon_Herzog,Tevin Bednar Sr.,409 Halle Village,Santos_OHara2@hotmail.com,Elvera
Sim_Jenkins,Fredrick Von,70084 Rodriguez Course,Walker.Rempel@hotmail.com,Shany
Tina_Wolf77,Margarete Shields,853 Godfrey Canyon,Madison49@hotmail.com,Kaitlin
Columbus.OConnell98,Ms. Cleta Wolff,0421 Lueilwitz Cape,Damien.Welch73@yahoo.com,Hailey
Kamron59,Conrad Fahey,45573 Cormier Glen,Mohamed.Breitenberg56@hotmail.com,Jessica
Ruby_Goyette20,Mr. Brandy Koss,20049 Amari Trafficway,Elmo_Hoeger@gmail.com,Lionel
Waldo.Schroeder,Tiara Bernier,242 Kassandra Parkway,Evert.Barrows44@yahoo.com,Demetris
Bradley_Tremblay,Branson Lesch IV,69285 Gutkowski Springs,Kareem_Kuhn@gmail.com,Macie
Maryjane26,Colby Eichmann,33992 Elda Trace,Baby.Walsh21@gmail.com,Brian
Tyrell_Lueilwitz85,Miss Dayne Kassulke,13964 Yasmeen Prairie,Angelo92@gmail.com,Octavia
Hermina48,Noble Bergnaum,7073 Marquardt Knoll,Mable.Howell@gmail.com,Adrian
Fausto_Runolfsson70,Miss Rodrick Fay,2799 Maximo Island,Lesly.Kreiger@gmail.com,Jacinto
Fred_Cassin,Orie Bartoletti DVM,3276 Cartwright Vista,Wilber61@hotmail.com,Hannah
Dayana.Auer,Emmanuelle McKenzie,693 Felipe Ferry,Nyah_Macejkovic50@hotmail.com,Leonel
Erwin.Paucek70,Marcus Hegmann PhD,836 Piper Land,Gudrun.Bergnaum59@gmail.com,Ronny
Cale_Franecki,Jeremie Schinner,8341 Dawn Mountain,Bennie.Mohr89@hotmail.com,Camylle
Clementina92,Laila Tremblay,421 Herminio Unions,Kolby.OConnell65@yahoo.com,Marcelina
Brad.Kessler62,Ashlynn VonRueden,26972 Hettinger Lodge,Wendell42@yahoo.com,Modesta
Dudley.Schulist27,Roberto Abbott,6083 Mayer Ford,Evalyn.Schmidt34@hotmail.com,Lexi
Jordi_Towne,Terrence Terry,4917 Baumbach Via,Rosamond.Schroeder@hotmail.com,Alanis
Modesto_Lueilwitz22,Michael Pagac,24254 Boyer Motorway,Madison59@hotmail.com,Sammie
Jennyfer53,Zackery Brekke,4032 Barrows Manors,Ettie39@hotmail.com,Clarabelle
Willie_Koelpin51,Lysanne Hickle,77443 Koepp Highway,Mozell35@gmail.com,Blaise
Yasmine44,Rosetta Maggio,6042 Adele Roads,Kade_Bradtke@hotmail.com,Francesca
Eda.Smitham,Mr. Rhianna Shanahan,39554 Martina Circles,Travis88@hotmail.com,Nora
Leilani_Wisozk80,Dean Labadie,83047 Barrows Lights,Joaquin9@yahoo.com,Anya
Merl.Effertz12,Hulda Botsford DDS,90733 Adalberto Street,Guido_Paucek20@yahoo.com,Garrick
Bertha60,Leanna Lynch,2421 Elna Manors,Greta_Runolfsdottir98@yahoo.com,Frederick
Rhett.OConnell,Evalyn Robel,992 Kutch Mountain,Anabelle_Kling@yahoo.com,Felipe
Elta51,Mercedes Rohan,4351 Wuckert Meadows,Logan.Feest12@yahoo.com,Edison
Alan97,Claudie Stracke,817 Boyer Ridge,Benny.Brakus@yahoo.com,Frankie
Elenor81,Willa Johns,157 Hertha Manor,Mavis_Kerluke@yahoo.com,Velva
Jovan_Deckow,Miss Nash Greenfelder,4033 Haskell Courts,Valerie83@yahoo.com,Janae
Pearlie_Morissette21,Lina Hettinger,447 Abigail Oval,Gia20@hotmail.com,Morris
Hillard_Konopelski,Sam Johnson,720 Bailee Village,Kianna10@gmail.com,Theresa
Wanda63,Julio Kuphal,2652 Donnie Vista,Elinor.Dare@yahoo.com,Esta
Valentine.Bogan1,Faustino Marquardt,797 Jacobs Loaf,Ludwig.Kuvalis@hotmail.com,Demario
Darrell.Heller14,Carmine Blick,7303 Shaina Hill,Esteban_Keeling@hotmail.com,Jaron
Jamie_Johnson,Annamae Wiegand PhD,19120 Lucinda Extension,Leopoldo40@gmail.com,Camila
Payton70,Ladarius Hodkiewicz,017 Waters Ramp,Carleton54@gmail.com,Darryl
Kenna_Rolfson13,Ms. Syble Williamson,26370 O'Kon Motorway,Jany70@hotmail.com,Willa
Domenico_Collier,Elnora Watsica,34502 Nicolas Brook,Patsy_Paucek@yahoo.com,Stevie
Jeanne.Monahan17,Alysson Jerde,75964 Wilton Flats,Lenora9@hotmail.com,Gretchen
Abdul97,Santiago Collins II,45026 Yost Knoll,Pamela33@hotmail.com,Brandy
Kaylee.Padberg,Elisa Romaguera,08366 Janis Rue,Ruby.Kshlerin49@gmail.com,Aniya
Otha.Kemmer33,Rosella Mayer,85930 Americo Fork,Jakob_Hirthe60@yahoo.com,Mariam
Zaria_Mitchell,Mr. Chester Simonis,65600 Kunde Tunnel,Casey_Wolff@hotmail.com,Alvis
Mckenna_Walter,Gwendolyn Greenfelder MD,593 Block Oval,Isom.Hand22@hotmail.com,Kallie
Steve46,Malika Keeling,264 Tillman Vista,Alvera_Rau@yahoo.com,Margarett
Murray_Huels91,Tillman Smith DDS,37409 Reichert Alley,Lauriane_Quitzon@gmail.com,Leonor
Paris.Schinner,Neva Wintheiser,350 Quentin Ferry,Connor_Bednar18@gmail.com,Myrtis
Art_Cronin3,Carleton Murphy,2859 Dickens Motorway,Pablo_Dickinson@gmail.com,Emmy
Maryjane.Langosh38,Cecile Kohler,2016 Oran Stream,Ralph_OConnell@gmail.com,Annette
Hester36,Raina Emard MD,602 Desiree Course,Andreanne82@yahoo.com,Kellen
Magdalen_Nitzsche,Nash Trantow,15570 Wolf Route,Hallie_Rice@hotmail.com,Barney
Caden_Bradtke84,Laverna Little,516 Mills Fork,Flossie25@gmail.com,Friedrich
Abe86,Ana Zulauf,789 Senger Wells,Roma.Nikolaus30@yahoo.com,Sabryna
Reilly_Erdman,Alanis Hirthe,54788 McLaughlin Bridge,Maegan_Hodkiewicz@gmail.com,Jerry
Conor_Lueilwitz53,Brielle Yundt,803 Prohaska Gateway,Tommie.Mraz@yahoo.com,Brigitte
Thaddeus.Kutch,Minnie Stoltenberg,693 Marguerite Lodge,Modesta.Ebert37@yahoo.com,Lyda
Torrance.Graham,Marlen McKenzie Sr.,93985 Giovanna Manors,Margaretta.Morar97@gmail.com,Luther
Joey.Schoen,Camren Boyer,0721 Welch Unions,Verlie_Balistreri@hotmail.com,Evalyn
Pattie.Rogahn,Norberto Dietrich,2442 Wiza Prairie,Stella1@gmail.com,Veda
Graham.Trantow79,Marlen Oberbrunner,10433 Uriah Road,Jude_Cartwright@gmail.com,Wilmer
Joanie24,Mr. Trent Nolan,0989 Brekke Estates,Dan82@hotmail.com,Dariana
Brady.Stark,Kira Stanton,978 Stracke Unions,Lesly29@hotmail.com,Anthony
Immanuel.Pagac,Santos Konopelski,97197 Abe Shoal,Ignatius_Stroman5@yahoo.com,Birdie
Lucienne_Stoltenberg,Yadira Gislason,040 Constance Pass,Leonel.Blick@gmail.com,Amina
Nelda.Koelpin,Judge Schmeler,758 Boyle Hills,Ashlee.Grimes86@gmail.com,Dedrick
Hailey_Thompson,Moriah Corwin,4386 Jacinto Way,Frederick_Kertzmann@hotmail.com,Christiana
Alia44,Antonetta Durgan,523 Sebastian Falls,Katlynn.Borer77@yahoo.com,Uriel
Ceasar.OConnell,Jordyn Reynolds,3651 Lebsack Loaf,Madonna.Klocko@yahoo.com,Adan
Mortimer_Nikolaus37,Monty Bogisich,71108 Heaney Roads,Walter35@yahoo.com,Constantin
Marcellus_Shields93,Callie Fahey,6335 Kiarra Vista,Roy.McDermott84@gmail.com,Kaylin
Gilda.Smith74,Selena Hoeger,6880 Murphy Alley,Raheem39@yahoo.com,Patsy
Jadon61,Bo Tillman,151 Ullrich Port,Maegan7@hotmail.com,Nakia
Bailee.Collins,Erling Howell,959 Josiane Village,Annette_Haag@gmail.com,Hayden
Joshuah_Spencer,Dr. Rita Schuppe,4202 Jan Causeway,Justine_Dibbert@hotmail.com,Vicente
Lafayette17,Lucinda Skiles,020 Janelle Well,Seamus10@gmail.com,Chelsie
Jayne.Wisoky,Kaylah Bailey,302 Kassulke Skyway,Kenny85@yahoo.com,Leslie
Lazaro.Grant13,Alana Quigley,80354 Xavier Gardens,Vida.Moen@yahoo.com,Dayne
Cleora.Frami2,Jeff Towne Jr.,548 Goldner Knoll,Maximus.Gutmann63@hotmail.com,Shaylee
Annabell_Jenkins55,Miss Monty Mohr,881 Max Prairie,Orlo_Bednar@yahoo.com,Deontae
Porter.Barrows,Gilbert Homenick,415 Flavie Crescent,Clement_Barrows47@yahoo.com,Maximilian
Naomi60,Angel Swift Sr.,88146 Quitzon Passage,Werner_Grant39@yahoo.com,Pearline
Amaya15,Rita Kuvalis V,01440 Noel Stream,Michaela_OKon5@gmail.com,Damaris
Royce.Welch,Zora Wyman,020 Makenzie Harbor,Enos83@yahoo.com,Christina
Christine44,Elisha Eichmann,126 Waters Common,Bettye_Connelly@yahoo.com,Uriah
Reba59,Kaylin Schinner,1176 Dewayne Gateway,Alexandra_Rice@hotmail.com,Alex
Chadd20,Cade Aufderhar,462 Waters Shore,Kenna24@yahoo.com,Randi
Roderick.OKeefe,Beatrice O'Keefe,7209 Cruickshank Streets,Marcelle_Schowalter@hotmail.com,Shany
Declan78,Burdette Considine MD,704 Kovacek Cove,Saige_Schinner0@gmail.com,Judah
Edgar_Frami,Mariah Dicki,6913 Adaline Centers,Wellington73@gmail.com,Wava
Burdette_Jast,Presley Hagenes DDS,06855 Rodger Points,Elmore.Kilback17@yahoo.com,Ramon
Tess92,Dessie Bogan,4977 Rogers Ville,Faustino_Jenkins19@gmail.com,Sabrina
Ernie_Adams59,Aaron Corkery,068 Blair Ville,Elena_Lockman@gmail.com,Rigoberto
Marguerite_Marquardt,Nathaniel Williamson,0242 Eden Shoals,Carmella.Pacocha13@gmail.com,Jonathon
Wilburn.Glover,Damon Orn,048 Bernier Points,Gabe_Bergstrom32@hotmail.com,Kenya
Alexis_Leuschke,Percy Torphy,3105 Eusebio Mills,Alfreda.Feest90@gmail.com,Thaddeus
Melvina.Gorczany,Norene Lowe,64642 Isabel Village,Julie.Erdman61@gmail.com,Arden
Austyn.Watsica,Amiya McCullough,676 Elton Valleys,Alysha.Rempel84@gmail.com,Ofelia
Aracely.Rodriguez,Benjamin Gleason,568 Pierre Cove,Isabella.Bayer@gmail.com,Ayden
Ramiro33,Ross Schuppe,95651 Jeremy Expressway,Trey.Daugherty76@gmail.com,Olaf
Macey39,Kareem Romaguera,591 Morgan Stravenue,Jefferey_Schimmel@yahoo.com,Chauncey
Sylvan_Jast87,Pearlie Heathcote,00453 Bechtelar Park,Greg.Kunde@gmail.com,Elisha
Deja0,Mrs. Otis Collins,61325 Herminio Extension,Queenie.Von@hotmail.com,Nash
Anika.Langworth,Aisha Rutherford,073 Corkery Mountains,Jabari41@hotmail.com,Buster
Tyrel_Langosh,Miss Mary Torphy,262 Newton Mission,Scarlett.Schroeder44@hotmail.com,Jermaine
Myah74,Desiree Mraz DVM,86934 Wyman Spurs,Marilou0@yahoo.com,Fabiola
Mara26,Brook Adams,6182 Davis Track,Marcelino62@yahoo.com,Kari
Isabel.McKenzie,Emie Gutmann,0657 Stanton Tunnel,Jed_Ruecker@hotmail.com,Carmela
Jose_Okuneva36,Anderson Adams,190 Davis Dam,Marian15@yahoo.com,Turner
Marcelo_OConnell,Gina Pagac,080 Hartmann Fall,Annabelle3@yahoo.com,Oma
Ramona.Batz70,Damian Casper,42679 Eliane Isle,Vivienne97@yahoo.com,Robbie
Alexie_Wisoky,Mrs. Hector Ritchie,74778 Emile Tunnel,Jordon.Wuckert@hotmail.com,Nikki
Vicky.Greenholt37,Margret Fahey V,2259 Lowell Throughway,Ted.Bergstrom47@gmail.com,Kian
Neva0,Joannie Pfeffer,989 Dana Way,Kathryne_Bailey@yahoo.com,Liza
Noelia61,Shawna Labadie,76569 Ondricka Ville,Alexis14@gmail.com,Willow
Rowland40,Nicolas Murray,4847 Elyssa Estate,Bernard_Kuvalis@hotmail.com,Grayce
Marcella.Schulist,Libby Fritsch,1954 Wisozk Plaza,Erika29@gmail.com,Caitlyn
Sylvester_Homenick36,Maximus Dickinson,135 Lowell Greens,Troy_Strosin28@gmail.com,Jayda
Dale90,Catherine Casper,84984 Vernice Village,Gerry_Romaguera39@gmail.com,Myah
Austyn.Upton,Mr. Tremaine Weber,9858 Heathcote Center,Tyler.Heathcote@yahoo.com,Tobin
Monty_Koepp,Elisabeth Gorczany DDS,112 Nola Islands,Rosalinda_Gusikowski@gmail.com,Francisca
Lisandro.Bashirian,Ms. Erik Johnson,78719 Wisozk Plains,Kristopher_McLaughlin@yahoo.com,Verdie
Germaine11,Ozella Cole,75058 Cora Park,Westley33@yahoo.com,Gwendolyn
Maxie_Jaskolski,Jeffrey Brakus,2657 Grimes Glen,Fritz16@hotmail.com,Joana
Stevie.Wolff53,Stan Vandervort,033 Shayna Keys,Tiara_Hayes@yahoo.com,Randi
Carson.Lowe59,Chandler O'Reilly,9871 Yundt Plain,Danny46@gmail.com,Fausto
Germaine70,Keyon Goyette I,228 Baumbach Haven,Maxwell_Denesik90@gmail.com,Ardella
Leonardo.Smitham87,Mya Stark,32518 Janick Haven,Aida.Hodkiewicz@hotmail.com,Cesar
Deondre.McCullough77,Dr. Hosea Macejkovic,01839 Edwardo Harbor,Carmine.Ledner@yahoo.com,Cortney
Madisyn.Hegmann,Dariana Little,663 Maximo Passage,Lacey56@hotmail.com,Fern
Kelly.Sauer,Noe Huels,02471 Kaleb Mount,Stephen_Ziemann@hotmail.com,Arch
Reinhold.Kassulke52,Mr. Emmanuelle Huels,25736 Stroman Lane,Clara.Wintheiser87@hotmail.com,Lindsay
Dennis30,Reinhold Corwin,1691 Ryan Mission,Mekhi84@gmail.com,Cassandra
Joana47,Miss Isabell Nicolas,797 Macy Vista,Kip.Haag29@gmail.com,Harley
Ferne.Paucek,Zane Abshire,415 VonRueden Mission,Roman_Dooley@hotmail.com,Jeremy
Idell_Yost31,Jedediah O'Keefe,36047 Beer Rapid,Amber_Schuppe@gmail.com,Paula
Elias.Kertzmann,Hazel Willms,41985 Brett Ferry,Brennon_McKenzie@yahoo.com,Werner
Cheyenne.Rowe,Nicolas Mills,6104 Gerlach Forges,Deontae.Monahan99@gmail.com,Billy
Daphne77,Khalid Parker,7691 Cole Route,Sammie.Feil@yahoo.com,Lynn
Helene.Hilll17,Kayley Runolfsson II,3208 Windler Street,Gerry_OConnell88@hotmail.com,Nola
Sister_Fay92,Lorenz Miller,0775 Mayra Viaduct,Karson.Schaden@hotmail.com,Elody
Hanna.Kohler,Mr. Mervin Rodriguez,422 Lesch Flats,Sandra.Steuber32@yahoo.com,Rudy
Rick_Stanton,Karl Bosco,53442 Eve Lake,Rickie29@hotmail.com,Wilton
Rick47,Nyasia Marvin,6867 Jesus Plains,Ora58@yahoo.com,Anastacio
Audrey.McKenzie17,Felton Kling,5153 Prosacco Rest,Jeanette.Treutel99@gmail.com,Ally
Dawson59,Dave Lueilwitz,93317 Hyatt Isle,Alejandrin78@hotmail.com,Brennon
Corine_Upton,Ocie Kassulke,3966 Gerlach Summit,Eileen_Jerde@hotmail.com,Donato
Aisha_Greenfelder48,Carey Koch,9916 Laverna Vista,Enoch.Howell67@gmail.com,Mossie
Eliane.Tremblay,Beatrice Schulist,5594 Goyette Hill,Bradley.Beier50@gmail.com,Monserrate
Hobart71,Denis Swift,20191 Carissa View,Deonte_Bosco88@gmail.com,Jessyca
Angel_Lockman6,Stanton Halvorson,69119 Walton Overpass,Vernice_Muller@yahoo.com,Dorthy
Denis_Grimes71,Hiram Streich,6022 Reymundo Expressway,Abby.Bogisich46@gmail.com,Nikko
Polly11,Myrtis Kling,6021 Joseph Run,Terrance_Block@yahoo.com,Harrison
Emmet.Reilly26,Johnathan Will,8065 Bridget Mountain,Cheyanne2@yahoo.com,Mya
Kip_Tromp,Brandt Grant,74130 Mills Cove,Norris10@yahoo.com,Dino
Clotilde_Fay,Maddison Casper,1432 Mayert Inlet,Yvonne_Will66@gmail.com,Tia
Betsy.Bednar,Karelle Conroy,568 Leffler Fords,Lowell_Hilll@yahoo.com,Layne
Onie_Reilly,Cristopher Rau,622 Titus Knolls,Gavin.Quitzon@yahoo.com,Doris
Rosalee_Hartmann,Danika Reynolds III,21027 Willis Garden,Rashawn.McGlynn@hotmail.com,Ally
Willard80,Rosina Runte,5208 Vallie Mountains,Jimmy78@yahoo.com,Josie
Skylar34,Laurence Macejkovic,671 Duncan Motorway,Laverna_Labadie@yahoo.com,Mossie
Micah3,Josianne Skiles,5664 William Dam,Ola.Walker@gmail.com,Paris
Letitia_Corkery,Tyrese Sawayn Sr.,153 Eveline Locks,Bernhard.Gislason93@gmail.com,Litzy
Molly.Torp35,Kian Buckridge,858 Martine Garden,Maximo68@gmail.com,Ryann
Nannie_Shields91,Ubaldo Hermiston,60946 Adrien Port,Jamir_Smith71@yahoo.com,Dallas
Makenzie.Stiedemann,Antoinette Jones,0076 Jensen Harbors,Estell_Krajcik@gmail.com,Shad
Noe_Emmerich,Kaden Batz,65986 Kallie Bridge,Jabari.Lubowitz@yahoo.com,Sheridan
Ashtyn87,Garry Ledner,8710 Gislason Isle,Vickie55@gmail.com,Kelley
Prince.Carroll,Dr. Brendan Hintz,26538 Erdman Plains,Kallie74@gmail.com,Lindsay
Hector74,Verlie Flatley,3228 Vada Drive,Shana_Lang@hotmail.com,Haskell
Jordon90,Nona Considine,44545 Oberbrunner Islands,Emely20@gmail.com,Alberto
Felipa_VonRueden20,Jeramy Maggio,16323 Bo Mountains,Alden_Beier@yahoo.com,Margaret
Rafael.Yundt,Lavern Raynor,608 Franecki Canyon,Kacey_Halvorson@yahoo.com,Darrel
Bernhard.Adams39,Lupe Fay,44550 Cali Mills,Taryn.Buckridge@hotmail.com,Darren
Caroline_Stiedemann,Alta Heathcote DVM,19894 Marques Stream,Eduardo32@gmail.com,Sandy
Darryl.Hoeger,Everette Huels MD,61122 Americo Islands,Terrence_Yost@gmail.com,Ansel
Leonard_Hermiston51,Casper Wiegand,024 Reichert Route,Guy_Hane94@gmail.com,Kevon
Uriel.Medhurst,Cynthia Bogan,467 Daniel Parkway,Jeramy_Balistreri29@yahoo.com,Davion
Rosamond.Schmeler84,Faye Zulauf,13781 Boyle Ferry,Pansy.Dibbert@yahoo.com,Green
Cristobal40,Isobel Smitham,32003 Bechtelar Village,Cecelia.Christiansen@yahoo.com,Ottilie
Elissa.Nolan2,Isadore Renner,91400 Heathcote Village,Marlin62@gmail.com,Reba
Raul_Hermiston5,Monserrate Pfannerstill,8561 Reilly Isle,Rhiannon.Hammes84@hotmail.com,Kristian
Chandler_Wolf,Deshaun Huels,771 Nova Oval,Clarabelle60@gmail.com,Claudia
Percy86,Elizabeth Kuhlman,176 Mueller Plains,Reese.Cassin@gmail.com,Mara
Rylee16,Dewitt Jenkins,804 Christiansen Terrace,Henriette.Keeling@gmail.com,Rebecca
Arely.Beier,Maude Veum,41624 Ledner Branch,Shakira52@hotmail.com,Maye
Carlee.Crona,Aurelie Emmerich,53190 Jerde Inlet,Elmore.Zulauf97@gmail.com,Okey
Jocelyn49,Dayna O'Kon,4984 Chet Lakes,King_Moore@gmail.com,Sherman
Ryley.Pfannerstill,Heidi Huel,819 Joanny Key,Remington.Borer55@gmail.com,Nora
Kyle_Denesik,Darrick Jast,6462 Ward Meadows,Avery_Gleason60@hotmail.com,Aubree
Brian6,Dina Bosco,9220 Little Skyway,Kale_Stamm24@hotmail.com,Dortha
Shanny_Cremin21,Trace Bailey,75266 Fermin Groves,Adaline_Kautzer@gmail.com,Ida
Eliane71,Kenna Olson,345 Donnie Fort,Jaylan.Wolf1@gmail.com,Magnolia
Selmer79,Kris Reichert,611 Casimer Passage,Ressie64@hotmail.com,Lonie
Keaton_Maggio12,Kristoffer Price,469 Maye Mount,Tiana.Gleason@hotmail.com,Lucie
Cory.Rowe25,Abdiel Mosciski,9849 Herzog Haven,Cooper.Schmitt39@hotmail.com,Bryana
Ephraim.Kautzer,Hobart Gerlach,2630 Cloyd Mountains,Colby1@yahoo.com,Dayne
Roslyn0,Gianni Glover,2190 Pfannerstill Port,Donnell_Bayer19@hotmail.com,Gerhard
Jayden24,Vesta Schuppe,9612 Mann Well,Cordia54@yahoo.com,Jordi
Pat82,Lavon Blanda,27526 Bahringer Mountain,Tavares_Grant@hotmail.com,Angel
Rodrigo97,Titus Hickle Jr.,669 Willms Rue,Blanche_Mayer89@hotmail.com,Luther
Dalton.Brown40,Bailee Volkman,885 Larson Gardens,Gino.Tremblay41@hotmail.com,Earnestine
Fritz.Kihn,Zackery Larkin,611 Von Plains,Andrew.Stiedemann@gmail.com,Gerry
Blaise60,Andre Langosh,84774 Abbott Pine,Leilani_Hagenes@gmail.com,Vladimir
Casper.Rodriguez,Jaylin Langosh,9331 Alexys Ford,Lia.Brown37@yahoo.com,Connie
Phyllis.Weissnat,Vince Koelpin Jr.,92045 Branson Crossroad,Jennings_Ruecker@yahoo.com,Colleen
Jazmyn78,Annetta Powlowski,7230 Donnelly Knolls,Bridget.Beahan@hotmail.com,Levi
Reece.Little34,Roscoe Renner,25908 Connelly Rest,Doug_King29@gmail.com,Laury
Syble86,Tomasa Connelly,37242 Goodwin Bridge,Ayana.Lubowitz@gmail.com,Clare
Michele_Upton2,Orland Rippin,099 Daugherty Common,Arturo40@hotmail.com,Kameron
Caitlyn.Swift44,Dr. Norval Simonis,8246 Juliet Ferry,Eusebio.Little@gmail.com,Murray
Carmen54,Gerson Breitenberg,6955 Brain Greens,Osvaldo12@hotmail.com,Nolan
Linnea89,Adrien Beier,0366 Harber Key,Kaylah28@gmail.com,Sydney
Ernest_Hessel46,Madie Harris,51654 Cruickshank Corner,Arlie.Ledner44@hotmail.com,Murphy
Destin_Lakin,Josephine Bradtke I,5944 Mozell Wells,Pablo.Upton@yahoo.com,Tobin
Melisa10,Assunta Hudson,720 Wiegand Inlet,Sonny43@gmail.com,Matilde
Elvie_Gottlieb,Fern Bode,818 Annamae Orchard,Telly60@hotmail.com,Brooke
Raul.Rempel0,Adella Rice,68584 Sanford Union,Edwin_Bernhard@hotmail.com,Trace
Willie.Bayer,Rubie Kub,332 Schulist Coves,Jeanie_Runolfsson73@hotmail.com,Frank
Franz.Stanton,Mary Marks,07708 Deontae Pass,Noble66@gmail.com,Kailyn
Sandy3,Mateo O'Hara I,169 Abelardo Mountains,Jameson_Kulas27@hotmail.com,Van
Celestine.Ryan91,Keshawn Nicolas,8441 Estelle Lane,Jazmin_Skiles@yahoo.com,Reilly
Erling98,Ms. Fatima Torphy,76493 Ally Street,Hulda.Kuhn@yahoo.com,Twila
Frank.Hermiston27,Clementine Legros,35919 Annabel Extensions,Aurelio53@hotmail.com,Johnny
Jeramie_Adams,Rozella Reichert,5880 Titus Views,Carli_Johnson34@hotmail.com,Joesph
Lafayette.Breitenberg,Denis Nolan,131 June Springs,Anthony86@hotmail.com,Lawrence
Orie_Frami,Shawna Langworth,5677 Liliane Inlet,Elwyn36@yahoo.com,Holly
Skyla.Kilback5,Christina Brekke,62466 Darlene Road,Celestine_Murray76@yahoo.com,Kamryn
Mckenzie20,Karen Lemke PhD,05821 Dibbert Branch,Darren8@yahoo.com,Wilfredo
Reuben.Wunsch,Edd Reichel,26663 Windler Union,Norbert.Pfeffer94@yahoo.com,Halle
Martine_Raynor40,Mr. Garfield Wiegand,1690 Lehner Tunnel,Judson_Wintheiser87@gmail.com,Samir
Lane.Langworth1,Daryl Pouros,4225 Crooks Burg,Julianne_Murphy41@gmail.com,Eugene
Bertha.Cartwright66,Bert Leannon,711 Herzog Groves,Patience_Reinger60@yahoo.com,Frances
Aniya_Raynor20,Lupe Padberg,72921 Jammie Mission,Audra_Adams@yahoo.com,Idella
Aniyah.Hessel28,Bernice Fay,7096 Brooke Circles,Nedra_Yundt@gmail.com,Nicholas
Aron.Jaskolski,Leilani Walker,6171 Fiona Lake,Barry_Hammes@yahoo.com,Brown
Karlee_Mohr,Tommie Goyette,5743 Rico Glen,Queen.Stark@hotmail.com,Christophe
Clinton_Mosciski38,Derick Rogahn,544 Batz Spur,Rosendo.Quitzon24@hotmail.com,Mae
Osbaldo_Heller42,Chelsie Bailey III,945 Devyn Islands,Roselyn.Volkman64@yahoo.com,Rudolph
Chelsea.Bogan,Jaqueline Satterfield,855 Lionel Cape,Dawn.Swift@yahoo.com,Brain
Jackson_Wunsch51,Jaylan Kiehn,842 Rosemary Green,Willie_Spencer@yahoo.com,Aliza
Desmond25,Gage Witting,3533 Dayana Dale,Myrtle71@gmail.com,Arely
Bobby76,Ali Mraz,87091 Fanny Points,Madge92@hotmail.com,Francesco
Barney.Runolfsdottir,Miracle Hudson,421 Koepp Hill,Olen_Glover79@gmail.com,Jamar
Leanna.Jacobson85,Ewald Collier,40827 Schuppe Fall,Alexis.Ullrich@yahoo.com,Dorthy
Chelsey55,Reyna Koepp,60570 Rachelle Streets,Lysanne.Braun@hotmail.com,Romaine
Bettie16,Morris Gorczany,2431 Fannie Curve,Angela_Mante@hotmail.com,Jacques
Charity.Nitzsche,Willy Erdman,694 Jayme Pines,Demario84@gmail.com,Idell
Fatima.McLaughlin,Garrick Bernier,2890 Saul Place,Marietta91@gmail.com,Brock
Kacie2,Arlie Renner,8570 Sabrina Manor,Camille81@gmail.com,Keenan
Elias_Schimmel9,Patsy Prohaska,3905 Schulist Key,Leatha_Streich@yahoo.com,Andreanne
Clarabelle_Reichel41,Clare Halvorson,506 Don Parkway,Chloe.Weimann@gmail.com,Joe
Brendon.Johnston61,Barney Batz,216 Lakin Summit,Luciano.McLaughlin@hotmail.com,Hertha
Kaela_Simonis3,Trudie Casper,7607 Schulist View,Coralie27@hotmail.com,Austyn
Arnold.Legros82,Haylie Wolf,021 Kara Ways,Dusty.Gorczany83@yahoo.com,Kobe
Reva10,Reynold Harris,102 Lukas Drives,Naomi_Fahey@hotmail.com,Anne
Halie.Sipes,Bailee Zieme,695 Gussie Burg,Ryann42@yahoo.com,Lacy
Kitty99,Moises Bartell,972 Medhurst Fords,Scotty49@gmail.com,Roscoe
Maybelle75,Sarina Mohr,284 Koch Common,Anais_Dietrich71@yahoo.com,Isaias
Emmie30,Leonie Thompson,691 Kuhlman Bypass,Rosa.Lesch70@gmail.com,Forest
Tyreek_Schimmel6,Carleton White,97342 O'Conner Courts,Magdalena_Gerhold@yahoo.com,Garret
Gonzalo.Hand65,Stefanie Quigley,980 Adelle Villages,Gus.Boyer43@hotmail.com,Justen
Roberta66,Leonie O'Connell,732 Blaise Inlet,Travis_Wolf@hotmail.com,Joaquin
Constance85,Davion Kuhn,2199 Sage Mount,Leann1@gmail.com,Anna
Adelbert35,Uriel Jerde,6355 Cassandra Knoll,Eric.Mills@yahoo.com,Rhiannon
Orval.Walker,Toby Casper,6786 Cruickshank Courts,Caterina.Bednar@gmail.com,Christian
Roxanne76,Alexander Hahn,45573 Dario Divide,Walker_Jones52@hotmail.com,Luz
Emma_Mohr76,Vallie Schneider,001 Spinka Valleys,Jermain_Wintheiser88@hotmail.com,Osbaldo
Althea_Hayes,Malvina Cremin,0748 Jacky Parks,Milton_Treutel75@yahoo.com,Bryana
King.Ferry,Eldora Skiles,04382 Dayne Gateway,Dora27@gmail.com,Brook
Jayce_Sporer,Kelsi Labadie Jr.,437 Paolo Fields,Victor.Gerlach84@yahoo.com,Bobbie
Vince_Koch95,Elmira Bartoletti,3292 Tad Mill,Leif.Hammes31@hotmail.com,Kayla
Lambert5,Kylee Quigley,7215 MacGyver Row,Zachariah.Bogan@gmail.com,Karlee
Shanon_Waelchi,Samantha Gleichner,4657 Rosalia Gateway,Reginald_Tromp26@hotmail.com,Kathlyn
Everett_Reilly9,Maximilian Ferry,19552 Cooper Valley,Myrtie36@gmail.com,Genoveva
Robbie_Schowalter,Lula O'Hara,1509 Tania Lake,Helene14@gmail.com,Ashton
Asa_McClure51,Laurine VonRueden,911 Ratke Stravenue,Melissa_Harvey@gmail.com,Burnice
Evie.Kuhlman,Daniela O'Hara,9909 Kiley Haven,Bernie58@gmail.com,Kane
Patience67,Israel Stroman,524 Robert Trace,Jeffery_Rohan28@yahoo.com,Larissa
Johnpaul.Purdy,Lori Hartmann,812 Pacocha Inlet,Kaylah_Orn@hotmail.com,Laurianne
Lucile.Tromp,Laverna Jakubowski,874 Ondricka Curve,Adah_Hahn@gmail.com,Juston
Gage_MacGyver34,Manuel Swift,7144 Alaina Heights,Wilfrid_Haag10@gmail.com,Sterling
Genoveva65,Freida Rippin,697 Meta Pine,Rudolph17@hotmail.com,Dayton
Jedediah_McGlynn,Modesto Orn,45984 Wuckert Branch,Yasmeen43@hotmail.com,Dayana
Maxine.Mayer,Kali Walker,3543 Terence Hills,Myra96@yahoo.com,Raul
Kaden.Kuvalis,Jamey Luettgen,8225 Howard Vista,Cecil.Doyle8@hotmail.com,Marshall
Coy57,Alysa Jast,117 Rolfson Common,Monroe_Monahan20@gmail.com,Janiya
Jeremy.Hand32,Sydnee Lehner IV,1592 Hegmann Well,Nolan_Dibbert@hotmail.com,Alfonzo
Antonia59,Isaiah Armstrong,770 Brice Mount,Kareem_Smitham72@hotmail.com,Era
Wanda65,Rae Schumm Sr.,82102 Hershel Field,Cristina98@gmail.com,Lura
Brain.Kshlerin,Fausto Effertz,825 Gerard Knoll,Bonnie_Beier@hotmail.com,Katheryn
Paolo.Kozey,Anne Batz,44425 Cummerata Villages,Ron15@yahoo.com,Efren
Janick.Howe14,Lucie Bednar,2236 Homenick Course,Tristin21@hotmail.com,Bernard
Lea.Konopelski,Patience McCullough,83479 Ullrich Points,Ike73@hotmail.com,Marilie
Austyn26,Fermin Aufderhar Sr.,4323 Hermann Rest,Sage76@hotmail.com,Declan
Laila.Rice74,Kallie Hand Sr.,2270 Satterfield Loop,Joanie.Hirthe@hotmail.com,Leopold
Hollis.Medhurst52,Raymundo Harris,8833 Hoppe Skyway,Fabiola.Fahey@yahoo.com,Luna
Dejah.Hodkiewicz94,Yessenia Dickens III,4531 Terry Forks,Royal.Botsford64@gmail.com,Gisselle
Heber.Stracke,Arvilla D'Amore III,07891 Brendon Ridges,Rosetta.Ziemann@gmail.com,Jaunita
Seamus_Botsford,Donny Stiedemann,39136 Willa Tunnel,Kaylee46@yahoo.com,Wilmer
Diana_Ryan26,Patricia Friesen MD,703 Kassulke Glens,Keith12@yahoo.com,Bernie
Kaia62,Vanessa Wisoky,446 Emmerich Gateway,Jaime_Ritchie@hotmail.com,Sarah
Morris28,Raleigh Prohaska,672 Willa Plaza,Monserrat.Vandervort79@hotmail.com,Ibrahim
Annie21,Joanne Conn IV,933 Zulauf Avenue,Aron_Glover@gmail.com,Monty
Birdie.Koepp12,Royal Ward,474 Satterfield Unions,Sydnie_McClure6@yahoo.com,Daisha
Wilhelmine.Hartmann,Alex O'Keefe,511 Kevon Place,Shanie_Johnson8@hotmail.com,Candido
Virgie_Bins73,Gerard Gusikowski,423 Ratke Squares,Vida_Wisozk@gmail.com,Kathleen
Bessie.Howe74,Mohammad Emmerich,33580 Odessa Stravenue,Karine87@yahoo.com,Nona
Carli_Glover0,Romaine Auer,77316 Leffler Harbor,Elody_Maggio32@yahoo.com,Theodora
Kirk.Kuhlman,Ms. Hassie Sporer,81557 Gregoria Point,Itzel14@hotmail.com,Esther
Marilie31,Audie Skiles,21492 Herminio Burg,Lizzie11@hotmail.com,Marjolaine
Lelia.Rogahn17,Mikel Fadel,342 Kathlyn Walks,Terrance.Konopelski45@yahoo.com,Domingo
Jasper.Nader,Rudolph Wuckert,41549 Kirlin Rest,Aurore.Kemmer46@gmail.com,Ova
Alia_Watsica,Mathilde Kautzer,479 Fadel Heights,Elliott55@hotmail.com,Corine
Victoria36,Jazlyn Jast,90215 Lemke Drives,Arlo.Kiehn@hotmail.com,Robb
Alycia_Barton6,Nora Kunze,418 Boyle Cliffs,Tony.Ondricka@yahoo.com,Gail
Amir.Ruecker,Zackary Konopelski,56770 Tremblay Flat,Cecile_Medhurst@yahoo.com,Giovani
Daniella.Reichel,Dovie McCullough,73935 Morgan Rapid,August_Lemke7@gmail.com,Ellis
Deja59,Ms. Mafalda Herzog,999 Hegmann Plains,Coralie.Reilly@hotmail.com,Darwin
Ahmed.Kassulke54,Anibal Will I,9107 May Pass,Scottie48@yahoo.com,Efren
Uriah.Bartoletti,Bartholome Heller,87808 Roxane Camp,Kenya_Block@hotmail.com,Elian
Alva90,Wellington Reichert,015 Verner Points,Johnathon_Harris13@gmail.com,Ellen
Arne_Parker,Noemi Leffler,3725 Schaden Lock,Ida_Batz@hotmail.com,Abraham
Dillan.Jones70,Godfrey Barton II,77207 Ondricka Square,Reagan_Gleason6@yahoo.com,Tiana
Tad.McCullough37,Bradford Ullrich,87283 Mafalda Falls,Tyshawn.Cummings@hotmail.com,Wilfredo
Alfonso.Satterfield,Kari Kulas,88665 Aric Haven,Heath87@yahoo.com,Wayne
Gerry.Lynch24,Christelle Kassulke,93109 Mathew Courts,Ethyl60@hotmail.com,Karli
Eino_Cummerata21,Isabel Stoltenberg Sr.,049 Newton Crossroad,Blanca_Kutch@yahoo.com,Meggie
Clarabelle.Osinski,Libbie Ritchie,609 Mayer Cape,Emerson49@gmail.com,Monica
Kyler84,Zack Orn,2808 Gislason Landing,Alberta.Brekke@gmail.com,Vincenza
Deon21,Joy Cruickshank,3394 Senger Motorway,Aiden.Hauck97@yahoo.com,Hiram
Schuyler_Pollich,Carley Fay,1198 Cummings Dam,Donavon.West77@yahoo.com,Elsie
Sigmund.Murphy,Mr. Alphonso Bauch,8466 Goyette Square,Alexys60@gmail.com,Greta
Bernhard8,Christ Fahey,19595 Corkery Summit,Elissa53@yahoo.com,Elaina
Maximillia38,Aliya Koss Sr.,9807 Nayeli Corner,Zackary_Langworth73@gmail.com,Laury
Trystan_Pfeffer,Miss Rupert Johns,0959 Luis Garden,Mortimer.Mayert57@gmail.com,Dashawn
Alexzander.Thiel,Mackenzie Lang,17514 O'Conner Cape,Abbigail2@yahoo.com,Felicia
Raina.Turcotte,Alvah Bauch,381 Russel Groves,Yasmeen.Orn@hotmail.com,Saige
Myles21,Miss Ines Lakin,430 Dangelo Parks,Tanner_Dickens78@hotmail.com,Zora
Trisha_Roberts,Mrs. Annamae Carter,6793 Kathleen Springs,Tara66@hotmail.com,Malika
Cortez42,Kaitlyn Jast,5888 Paucek Roads,Janie.Kris@yahoo.com,April
Luis.Farrell78,Coralie Kuhic,58915 Jevon Bridge,Fleta_Ankunding@yahoo.com,Milan
Izabella95,Savanna Carter,435 Gusikowski Dale,Edyth.Stark82@hotmail.com,Adan
Chet66,Mr. Salma Rutherford,0856 Ned Prairie,Xzavier_Murphy@yahoo.com,Solon
Logan31,Payton Lakin IV,9733 Turner Track,Lillian.Nitzsche12@yahoo.com,Lyda
Destany_Reilly38,Emmet Towne,605 Daugherty Rest,Elias95@hotmail.com,Yolanda
Emelia_Cummings30,Ivah Lebsack,73372 Russel Skyway,Lemuel_Monahan56@gmail.com,Kendra
Jack.Gutmann93,Jamey Lang,4482 Edgardo Shore,Brent_Gusikowski75@yahoo.com,Yasmin
Myra_Kerluke,Dayana Bosco,036 Kailey Mills,Tiffany4@gmail.com,Jackeline
Marge_Thiel51,Liliana VonRueden,943 Willms Fords,Taurean.Kilback@hotmail.com,Beau
Alvena_Wisoky,Camden Grimes,74424 Mercedes Loop,Maximillia.Nikolaus27@hotmail.com,Omer
Serenity_Bernhard70,Earlene Wiegand,7806 Wehner Wall,Rebecca.Streich74@gmail.com,Finn
Hayley71,Bertram Larson,77614 Leone Port,Kiana39@gmail.com,Fabian
Rory91,Ms. Armani Hand,849 Labadie Ways,Omari70@gmail.com,Diamond
Evangeline_Cartwright30,Velma Kessler,4397 Serena Place,Hortense.Wisoky89@yahoo.com,Emile
Marcelino.Price,Corbin Anderson,713 Kathryne Branch,Cade73@hotmail.com,Felicia
Luis_Borer,Hosea Renner,97986 Romaine Ridge,Dagmar0@gmail.com,Millie
Harold_Nolan,Bianka Swaniawski,069 Marlin Mount,Kirstin.Heidenreich76@gmail.com,Lourdes
Kellie11,Janae Bechtelar,43182 Walsh Forges,Donnell_Kuhlman99@hotmail.com,Lucile
Mazie.Ryan3,Hudson Kunze,6671 Huels Inlet,Chesley_Hagenes83@gmail.com,Sid
Maymie_Daniel,Hilton Fadel,28754 Herbert Dam,Raphael_VonRueden49@hotmail.com,Wallace