username,name,address,email,password
Sigmund25,Theodore Monahan,29135 Emard Knolls,Kyle.Braun28@hotmail.com,Lamont
Carissa.Schinner9,Dominic Ortiz,69564 Virgie Points,Michele34@gmail.com,Doyle
Noah.Huels,Randall Wilkinson DDS,06775 Mueller Port,Emilia.Buckridge45@yahoo.com,Howard
Erick_Orn57,Avis Smitham,815 Jackie Mountains,Frida.Lindgren28@hotmail.com,Jazmyn
Destinee23,Vivienne Mosciski,89580 Paucek Inlet,Alana_Jacobi0@gmail.com,Mae
Tavares57,Leanne Ward,10085 Luettgen Ramp,Eda_Wuckert@gmail.com,Marcelino
Moshe_Batz,Jasmin O'Conner,6989 Otho Crossing,Micaela76@yahoo.com,Guillermo
Sylvan30,Waino Nienow,050 Myrtle Drive,Rebeca36@yahoo.com,Pink
Flo_Heidenreich,Nora Wilkinson,800 Morris Forge,Kaycee22@gmail.com,Krista
Hubert.Deckow76,Miss Judge Will,0665 Luettgen Locks,Irwin89@gmail.com,Brandi
Ara.Spinka19,Mekhi Mayer,7720 Gerlach Loop,Lora.Kshlerin47@yahoo.com,Derek
Elizabeth60,Joana Haag,865 Ophelia Island,Marcelle95@yahoo.com,Maximo
Tierra.Klein42,Kenyatta Volkman,584 Braun Port,Carleton_Barrows@gmail.com,Neoma
Josephine_Witting,Lorena Lind,496 Xzavier Common,Jena.Nicolas22@gmail.com,Ettie
Bell4,Oswaldo Leffler,1467 Gutmann Plaza,Roel25@gmail.com,Joannie
Leatha37,Cleve Beer,8679 Nikolaus Street,Joyce62@hotmail.com,Mathilde
Victoria53,Braeden Renner,314 Stark Street,Enoch.Schaefer53@gmail.com,Kian
Cindy_Streich38,Dudley Wisoky MD,78790 Adams Hills,Wanda.Mayert@yahoo.com,Imelda
Marisa_Effertz55,Ms. Kelvin Kiehn,97270 Koch Street,Chandler_Donnelly@yahoo.com,Pietro
Agnes.Hudson,Kyleigh Hessel,079 Aufderhar Tunnel,Wayne.Grimes71@hotmail.com,Helen
Wyman_Dietrich,Kiana Reilly DDS,0752 Jarrett Harbors,Jessika_Rempel17@yahoo.com,Noemie
Elda.Hickle5,Colton Vandervort,005 Elna Bridge,Alisa83@yahoo.com,Malinda
Mallie_Schroeder92,Everette Watsica,5732 Arvilla Points,Frederik_Keebler@hotmail.com,Norberto
Maiya_Baumbach67,Eulah Stehr,116 Hirthe Inlet,Shakira_Langosh@hotmail.com,Jaquelin
Lorenz.Connelly73,Thad Labadie,3738 Treutel Loaf,Amalia.Bashirian94@gmail.com,Betty
Joanie_Price59,Dr. Mireya Turcotte,60544 Buster Locks,Jalon.Jacobs@hotmail.com,Reymundo
Veda90,Bonnie Grant,0960 Murazik Well,Madelyn_Bednar36@gmail.com,Wellington
Murray.Zieme,Ebony Bode,723 Nicholaus Turnpike,Sedrick_Lemke11@yahoo.com,Dee
Sherman.Cruickshank3,Arnaldo Hettinger,951 Schmeler Meadows,Peggie98@gmail.com,Maryjane
Lexie.King,Isaias Veum,053 Koch Rapid,Orie_Hayes@gmail.com,Miracle
Rowan25,Ms. Jordan Marquardt,870 Larkin Points,Michel_Price37@gmail.com,Demetris
Amparo_Pfeffer,Stanley Hills,910 Camille Grove,Abigale_Gusikowski69@hotmail.com,Felicity
Jacky_DuBuque48,Luigi Kemmer,099 Lisandro Mall,Rex.McClure98@hotmail.com,Claudia
Braden1,Rashad Rohan,806 Penelope Walks,Ervin_Toy@hotmail.com,Kayla
Emerson.Schulist12,Cheyanne Dickinson,0792 Auer Plaza,Aliya.Lockman@yahoo.com,Sydnee
Garth.Denesik,Wilbert Nikolaus,4670 Bauch Meadow,Giovani_Spinka4@hotmail.com,Antone
Dawn_Homenick8,Chris Torphy I,9400 Kuhic Walks,Alysson.Terry73@yahoo.com,Katharina
Gloria_Reilly32,Albertha Mayert,11180 Douglas Garden,Noe39@yahoo.com,Sabrina
Aracely.Denesik35,Kali Terry,3053 Gage Trafficway,Leora.Maggio88@gmail.com,Bette
Dangelo_Jerde93,Diego Sawayn Sr.,123 Gutmann Harbors,Natasha_Herzog@gmail.com,Antonia
Arjun.Brakus54,Leonard Quitzon,43529 Sam Dale,Elna21@gmail.com,Mylene
Destany.Quigley31,Kayli Harris,836 Bartoletti Rue,Horace_Kuvalis19@gmail.com,Rusty
Cheyenne_Corwin87,Kylie Hauck,177 Abraham Turnpike,Molly_Reinger85@yahoo.com,Kitty
Kaley_Okuneva,Keenan Gaylord,8713 White Knoll,Donald6@gmail.com,Jerod
Gaylord.Gerlach,Marta Wisozk,211 Oral Lakes,Hattie96@gmail.com,Gregorio
Juwan66,Vicky Will,45486 Dane Mountain,Brielle.Satterfield56@yahoo.com,Jarrod
Ottilie_Orn,Nelda Lemke,7542 Ebert Drive,Judd_Hammes@hotmail.com,Floy
Shannon_Franecki,Pete Christiansen,6490 Jamarcus Parkway,Demario4@yahoo.com,Cristobal
Katelin_Koss,Blaise Fahey,4673 Rosina Roads,Abe.Bins@gmail.com,Maud
Erika_Miller,Ryan Rau,79049 Morar Island,Dennis7@yahoo.com,Jerrod
Viva23,Deondre Lowe,099 Antoinette Extensions,Gladyce67@hotmail.com,Pearline
Frida.Goldner23,Carlee Walsh,762 Therese Glens,Tracey79@hotmail.com,Michelle
Meagan.Altenwerth75,Maritza Paucek,591 Agustina Summit,Gladys.Schuppe@gmail.com,Wilmer
Beth.Bradtke,Federico Ruecker,777 Cremin Path,Aubree_Spencer@hotmail.com,Michele
Magali.Johnson54,Randall Stroman,73175 Roger Circle,Rosalee_Wiza80@hotmail.com,Lillian
Seth44,Enos Bins,860 Abbott Neck,Cletus.Jerde31@hotmail.com,Clarabelle
Torrey91,Amelie Bernier,3362 Buckridge Villages,David69@yahoo.com,Rossie
Geovany20,Margarita Lemke,7333 Ebert Skyway,Kenna_Tremblay@hotmail.com,Brent
Johann.Stoltenberg,Johnathon Funk,6400 Rebekah Overpass,Constantin30@yahoo.com,Clair
Reta86,Leda Schuster,19653 Hansen Field,Delmer.Wintheiser63@hotmail.com,Mekhi
Janice_Goodwin,Eugenia Jaskolski,0142 Ilene Cliffs,Eulah.Ankunding@hotmail.com,Maritza
Julien77,Brianne Labadie,0915 Justine Points,Euna_Lemke5@gmail.com,Lilly
Delbert8,Anabel Spencer,60699 McGlynn Center,Jeanette17@gmail.com,Eulah
Ashton.Kautzer,Rosemarie Hickle,317 Rosalind Bypass,Domenic.Lockman@hotmail.com,Sid
Edd.Jast15,Miss Shayne Pagac,3129 Quentin Pines,Lesley13@hotmail.com,Fatima
Cathrine.Gleichner26,Aubrey Raynor,245 Noe Haven,Jevon34@yahoo.com,Justine
Jason_Koch86,Mr. Miguel Kulas,1721 Octavia Plaza,Ila3@hotmail.com,Pasquale
Fernando.Deckow,Nelson Blick,25675 Lois Rest,Barbara.Bernhard39@yahoo.com,Mertie
Vito10,Mr. Eugenia Crist,161 Carissa Way,Victor.Huels@hotmail.com,Kristina
Hayley_Lemke34,Faustino Zieme,4081 Zoe Ports,Jace_Jacobson95@gmail.com,Laisha
Maximillia.Bins69,Jovany Batz,3012 Kuhic Cove,Holden_Spinka83@hotmail.com,Mac
Providenci_Cartwright92,Miss Carli Waelchi,8301 Gulgowski Crossroad,Trey77@hotmail.com,Evert
Kelsie43,Ariane O'Hara,596 Antwan Valley,Olaf_Barrows@gmail.com,Ezra
Dusty37,Dr. Ethan Goodwin,01319 Vita Crossing,Spencer_Cremin@yahoo.com,Julien
Alden_Keebler9,King Cronin,18365 Jeremy Mountain,Kristoffer68@gmail.com,Shayna
Felicita88,Kyra Cormier,33982 Parisian Freeway,Justice.Muller@yahoo.com,Harold
Rasheed96,Rylee Collier,7776 Jayden Green,Ludie.Anderson50@gmail.com,Maryam
Dorris.Herzog,Nakia Moore PhD,201 Haley Camp,Reyna.Padberg54@gmail.com,Alverta
Marilie.Auer89,Francesco Schroeder,4201 Abernathy Hill,Chad_Crooks95@hotmail.com,Aurore
Melyna.Runolfsson5,Fernando Kunze,05676 Grimes Crescent,Michaela47@hotmail.com,Marlon
Judah43,Darby Aufderhar,88161 Hilll Ranch,Lavern.Hamill@hotmail.com,Anderson
Lynn.Moore98,Tavares Quigley,334 Bergnaum Union,Marietta42@hotmail.com,Christian
Elias52,Mrs. Modesta Senger,963 O'Reilly Crest,Troy.Roob52@hotmail.com,Destinee
Izaiah.Rippin91,Alexandre Schuster,1283 Strosin Shoal,Karson.Roob69@gmail.com,Leon
Cleve.Kreiger20,Kareem Bergstrom,3146 Watsica Falls,Arvel70@hotmail.com,Marilou
Lenny_Simonis29,Wilma Marquardt,08430 Johns Lodge,Roxane.Prohaska22@yahoo.com,Kristina
Maud_Haley74,Paxton VonRueden,93944 Meagan Landing,Zackery.Reichert32@yahoo.com,Stacy
Vickie13,Mr. Constance Emard,3491 Ara Expressway,Arlo60@yahoo.com,Anastasia
America_Lynch96,Rebeka Nicolas,964 Kaia Station,Celine.Mante@hotmail.com,Stone
Lon_Bins75,Jerrold Hayes I,3090 Feil Walks,Keaton.Abshire24@gmail.com,Emma
Maynard.Larson,Jack Daniel,3335 Hester Wall,Clint.Walter@hotmail.com,Cathryn
Chyna62,Elwin Gleichner,2747 Johnpaul Plains,Ethyl81@gmail.com,Adah
Mikayla3,Ernesto Turner,57209 Altenwerth Burg,Dale_McDermott77@gmail.com,Theresia
Joshuah94,Dr. Remington Goldner,293 Avis Pass,Logan.Windler50@yahoo.com,Alvina
Brayan.Murphy,Parker Funk,77112 Cronin Spur,Enoch50@gmail.com,Lamar
Madyson_Hoeger52,Dessie Will,70167 Beatty Crossing,Beth_Bradtke33@yahoo.com,Krystina
Owen_Littel,Austyn Kuhn,50271 Edward Inlet,Arlo19@gmail.com,Lizzie
Celia_Wisozk,Miss Claudine Cassin,740 Rowe Terrace,Remington.Wisozk@gmail.com,Hobart
Wellington.Kreiger21,Braeden Heller,89896 Bailey Ridges,Lamont.Konopelski26@gmail.com,Bradly
Melody19,Carson Bosco,1354 Bauch Forge,Jaylon21@gmail.com,Shakira
George_Tromp,Giovani Grant,05017 Christiansen Cliffs,Claudie29@hotmail.com,Savion
Maye_Veum85,Stefanie Mayer,8333 Cara Trail,Austin91@yahoo.com,Emmie
Glennie89,Lurline Bergstrom,06538 Fisher Via,Dan57@yahoo.com,Russel
Melba_Doyle,Zakary Dickens,529 Pollich Cove,Vicky_Langosh@yahoo.com,Stacy
Elenor_Leannon,Davin Johns,3643 Langosh Keys,Remington75@yahoo.com,Kameron
Frederik_OKon,Nickolas Rutherford,618 Esther Greens,Juanita.Mosciski@hotmail.com,Davin
Filiberto.Schiller,Mrs. Tiara Purdy,3442 Velva Orchard,Orpha.Steuber10@hotmail.com,Sharon
Lukas_Monahan58,Mr. Foster Aufderhar,858 Keyon Plaza,Duane94@gmail.com,Cale
Gisselle_Stark35,Mellie Emmerich,83616 Orville Corner,Kolby82@hotmail.com,Nathanial
Oliver53,Toy Hartmann,859 Konopelski Park,Adolphus_Reynolds@hotmail.com,Hershel
Fernando.Dickinson31,Mr. Loy Herman,2033 Emiliano Expressway,Kayden.Cartwright@gmail.com,Patrick
Albina.Kunze,Triston Treutel,631 Shana Dale,Richard_Ebert@gmail.com,Wiley
Hailee_Funk75,Dessie Fritsch,863 VonRueden Plain,Eldora_Hilll@gmail.com,Georgianna
Verlie_Yundt,Herminio Windler IV,716 Lehner View,Tyrell.Welch@gmail.com,Cortez
Luigi.Lang,Annalise Sauer I,6167 Jackson Hills,Herminia.Eichmann63@gmail.com,Tatum
Tatum64,Fatima Cremin,631 Rossie Center,Abdul19@hotmail.com,Amari
Muhammad.Boyer56,Shyanne Wisoky,176 Hodkiewicz Walk,Larissa_Reynolds@hotmail.com,Wava
Evangeline55,Tanner Upton,6516 Kendall Crossing,Damien_Feil@yahoo.com,Marilou
Maverick.Smith91,Frieda Bergnaum MD,4619 Hoeger Forge,Aric50@hotmail.com,Ignatius
Lenore.Schaefer98,Aniyah Friesen,7502 Gulgowski Forges,Dorcas_Conroy@gmail.com,Janick
Maud78,Jedediah Eichmann,94276 Quinten Park,Dedric.Emmerich5@gmail.com,Demario
Nikko_Witting,Dr. Arne Lueilwitz,9820 Gerhold Roads,Thora80@yahoo.com,Anne
Eldora_Feest,Tavares Hahn IV,33021 Millie Junction,Amalia_Greenfelder@gmail.com,Rodrick
Buck0,Tamara Gerhold Jr.,610 Wunsch Harbors,Elmo93@yahoo.com,Brain
Jovany.Cole55,Una Grady,706 Wellington Fall,Darrell_Stanton@gmail.com,Alden
Elijah89,Lea Medhurst,097 D'Amore Turnpike,Bertha_Rogahn58@yahoo.com,Guillermo
Akeem23,Amara Hoppe,954 Helga Rapids,Geoffrey5@yahoo.com,Coby
Harrison_Ratke,Thora Stark III,62681 Kuphal Manor,Erik.Lockman71@yahoo.com,Manley
Jakayla.Heaney,Lazaro Schmidt,4391 Willow Summit,Johnny89@hotmail.com,Valentin
William_Greenholt,Daniella Schinner,1235 Destany Shores,Marvin.Weber@hotmail.com,Arch
Otis24,Sylvia Nitzsche,97114 Carmela Springs,Nico_Boyer20@gmail.com,Asa
Nadia.Wehner,Ms. Ruben Ebert,3208 Shields Oval,Damion_Barton91@gmail.com,Maribel
Zella_Pfeffer47,Mr. Nannie Schroeder,978 Sipes Knolls,Armani_Howe17@gmail.com,Florian
Judd.Weimann,Lavonne Pollich,0938 Marianna Junction,Hildegard_Rosenbaum64@gmail.com,Braulio
Gladyce_Armstrong90,Anibal Padberg,0532 Sarina Key,Annabell_Bartoletti@gmail.com,Dennis
Haleigh.Senger89,Elton Schimmel,035 Kshlerin Glen,Agustina.Becker99@hotmail.com,Jaren
Lon_Herzog,Tevin Bednar Sr.,409 Halle Village,Santos_OHara2@hotmail.com,Elvera
Sim_Jenkins,Fredrick Von,70084 Rodriguez Course,Walker.Rempel@hotmail.com,Shany
Tina_Wolf77,Margarete Shields,853 Godfrey Canyon,Madison49@hotmail.com,Kaitlin
Columbus.OConnell98,Ms. Cleta Wolff,0421 Lueilwitz Cape,Damien.Welch73@yahoo.com,Hailey
Kamron59,Conrad Fahey,45573 Cormier Glen,Mohamed.Breitenberg56@hotmail.com,Jessica
Ruby_Goyette20,Mr. Brandy Koss,20049 Amari Trafficway,Elmo_Hoeger@gmail.com,Lionel
Waldo.Schroeder,Tiara Bernier,242 Kassandra Parkway,Evert.Barrows44@yahoo.com,Demetris
Bradley_Tremblay,Branson Lesch IV,69285 Gutkowski Springs,Kareem_Kuhn@gmail.com,Macie
Maryjane26,Colby Eichmann,33992 Elda Trace,Baby.Walsh21@gmail.com,Brian
Tyrell_Lueilwitz85,Miss Dayne Kassulke,13964 Yasmeen Prairie,Angelo92@gmail.com,Octavia
Hermina48,Noble Bergnaum,7073 Marquardt Knoll,Mable.Howell@gmail.com,Adrian
Fausto_Runolfsson70,Miss Rodrick Fay,2799 Maximo Island,Lesly.Kreiger@gmail.com,Jacinto
Fred_Cassin,Orie Bartoletti DVM,3276 Cartwright Vista,Wilber61@hotmail.com,Hannah
Dayana.Auer,Emmanuelle McKenzie,693 Felipe Ferry,Nyah_Macejkovic50@hotmail.com,Leonel
Erwin.Paucek70,Marcus Hegmann PhD,836 Piper Land,Gudrun.Bergnaum59@gmail.com,Ronny
Cale_Franecki,Jeremie Schinner,8341 Dawn Mountain,Bennie.Mohr89@hotmail.com,Camylle
Clementina92,Laila Tremblay,421 Herminio Unions,Kolby.OConnell65@yahoo.com,Marcelina
Brad.Kessler62,Ashlynn VonRueden,26972 Hettinger Lodge,Wendell42@yahoo.com,Modesta
Dudley.Schulist27,Roberto Abbott,6083 Mayer Ford,Evalyn.Schmidt34@hotmail.com,Lexi
Jordi_Towne,Terrence Terry,4917 Baumbach Via,Rosamond.Schroeder@hotmail.com,Alanis
Modesto_Lueilwitz22,Michael Pagac,24254 Boyer Motorway,Madison59@hotmail.com,Sammie
Jennyfer53,Zackery Brekke,4032 Barrows Manors,Ettie39@hotmail.com,Clarabelle
Willie_Koelpin51,Lysanne Hickle,77443 Koepp Highway,Mozell35@gmail.com,Blaise
Yasmine44,Rosetta Maggio,6042 Adele Roads,Kade_Bradtke@hotmail.com,Francesca
Eda.Smitham,Mr. Rhianna Shanahan,39554 Martina Circles,Travis88@hotmail.com,Nora
Leilani_Wisozk80,Dean Labadie,83047 Barrows Lights,Joaquin9@yahoo.com,Anya
Merl.Effertz12,Hulda Botsford DDS,90733 Adalberto Street,Guido_Paucek20@yahoo.com,Garrick
Bertha60,Leanna Lynch,2421 Elna Manors,Greta_Runolfsdottir98@yahoo.com,Frederick
Rhett.OConnell,Evalyn Robel,992 Kutch Mountain,Anabelle_Kling@yahoo.com,Felipe
Elta51,Mercedes Rohan,4351 Wuckert Meadows,Logan.Feest12@yahoo.com,Edison
Alan97,Claudie Stracke,817 Boyer Ridge,Benny.Brakus@yahoo.com,Frankie
Elenor81,Willa Johns,157 Hertha Manor,Mavis_Kerluke@yahoo.com,Velva
Jovan_Deckow,Miss Nash Greenfelder,4033 Haskell Courts,Valerie83@yahoo.com,Janae
Pearlie_Morissette21,Lina Hettinger,447 Abigail Oval,Gia20@hotmail.com,Morris
Hillard_Konopelski,Sam Johnson,720 Bailee Village,Kianna10@gmail.com,Theresa
Wanda63,Julio Kuphal,2652 Donnie Vista,Elinor.Dare@yahoo.com,Esta
Valentine.Bogan1,Faustino Marquardt,797 Jacobs Loaf,Ludwig.Kuvalis@hotmail.com,Demario
Darrell.Heller14,Carmine Blick,7303 Shaina Hill,Esteban_Keeling@hotmail.com,Jaron
Jamie_Johnson,Annamae Wiegand PhD,19120 Lucinda Extension,Leopoldo40@gmail.com,Camila
Payton70,Ladarius Hodkiewicz,017 Waters Ramp,Carleton54@gmail.com,Darryl
Kenna_Rolfson13,Ms. Syble Williamson,26370 O'Kon Motorway,Jany70@hotmail.com,Willa
Domenico_Collier,Elnora Watsica,34502 Nicolas Brook,Patsy_Paucek@yahoo.com,Stevie
Jeanne.Monahan17,Alysson Jerde,75964 Wilton Flats,Lenora9@hotmail.com,Gretchen
Abdul97,Santiago Collins II,45026 Yost Knoll,Pamela33@hotmail.com,Brandy
Kaylee.Padberg,Elisa Romaguera,08366 Janis Rue,Ruby.Kshlerin49@gmail.com,Aniya
Otha.Kemmer33,Rosella Mayer,85930 Americo Fork,Jakob_Hirthe60@yahoo.com,Mariam
Zaria_Mitchell,Mr. Chester Simonis,65600 Kunde Tunnel,Casey_Wolff@hotmail.com,Alvis
Mckenna_Walter,Gwendolyn Greenfelder MD,593 Block Oval,Isom.Hand22@hotmail.com,Kallie
Steve46,Malika Keeling,264 Tillman Vista,Alvera_Rau@yahoo.com,Margarett
Murray_Huels91,Tillman Smith DDS,37409 Reichert Alley,Lauriane_Quitzon@gmail.com,Leonor
Paris.Schinner,Neva Wintheiser,350 Quentin Ferry,Connor_Bednar18@gmail.com,Myrtis
Art_Cronin3,Carleton Murphy,2859 Dickens Motorway,Pablo_Dickinson@gmail.com,Emmy
Maryjane.Langosh38,Cecile Kohler,2016 Oran Stream,Ralph_OConnell@gmail.com,Annette
Hester36,Raina Emard MD,602 Desiree Course,Andreanne82@yahoo.com,Kellen
Magdalen_Nitzsche,Nash Trantow,15570 Wolf Route,Hallie_Rice@hotmail.com,Barney
Caden_Bradtke84,Laverna Little,516 Mills Fork,Flossie25@gmail.com,Friedrich
Abe86,Ana Zulauf,789 Senger Wells,Roma.Nikolaus30@yahoo.com,Sabryna
Reilly_Erdman,Alanis Hirthe,54788 McLaughlin Bridge,Maegan_Hodkiewicz@gmail.com,Jerry
Conor_Lueilwitz53,Brielle Yundt,803 Prohaska Gateway,Tommie.Mraz@yahoo.com,Brigitte
Thaddeus.Kutch,Minnie Stoltenberg,693 Marguerite Lodge,Modesta.Ebert37@yahoo.com,Lyda
Torrance.Graham,Marlen McKenzie Sr.,93985 Giovanna Manors,Margaretta.Morar97@gmail.com,Luther
Joey.Schoen,Camren Boyer,0721 Welch Unions,Verlie_Balistreri@hotmail.com,Evalyn
Pattie.Rogahn,Norberto Dietrich,2442 Wiza Prairie,Stella1@gmail.com,Veda
Graham.Trantow79,Marlen Oberbrunner,10433 Uriah Road,Jude_Cartwright@gmail.com,Wilmer
Joanie24,Mr. Trent Nolan,0989 Brekke Estates,Dan82@hotmail.com,Dariana
Brady.Stark,Kira Stanton,978 Stracke Unions,Lesly29@hotmail.com,Anthony
Immanuel.Pagac,Santos Konopelski,97197 Abe Shoal,Ignatius_Stroman5@yahoo.com,Birdie
Lucienne_Stoltenberg,Yadira Gislason,040 Constance Pass,Leonel.Blick@gmail.com,Amina
Nelda.Koelpin,Judge Schmeler,758 Boyle Hills,Ashlee.Grimes86@gmail.com,Dedrick
Hailey_Thompson,Moriah Corwin,4386 Jacinto Way,Frederick_Kertzmann@hotmail.com,Christiana
Alia44,Antonetta Durgan,523 Sebastian Falls,Katlynn.Borer77@yahoo.com,Uriel
Ceasar.OConnell,Jordyn Reynolds,3651 Lebsack Loaf,Madonna.Klocko@yahoo.com,Adan
Mortimer_Nikolaus37,Monty Bogisich,71108 Heaney Roads,Walter35@yahoo.com,Constantin
Marcellus_Shields93,Callie Fahey,6335 Kiarra Vista,Roy.McDermott84@gmail.com,Kaylin
Gilda.Smith74,Selena Hoeger,6880 Murphy Alley,Raheem39@yahoo.com,Patsy
Jadon61,Bo Tillman,151 Ullrich Port,Maegan7@hotmail.com,Nakia
Bailee.Collins,Erling Howell,959 Josiane Village,Annette_Haag@gmail.com,Hayden
Joshuah_Spencer,Dr. Rita Schuppe,4202 Jan Causeway,Justine_Dibbert@hotmail.com,Vicente
Lafayette17,Lucinda Skiles,020 Janelle Well,Seamus10@gmail.com,Chelsie
Jayne.Wisoky,Kaylah Bailey,302 Kassulke Skyway,Kenny85@yahoo.com,Leslie
Lazaro.Grant13,Alana Quigley,80354 Xavier Gardens,Vida.Moen@yahoo.com,Dayne
Cleora.Frami2,Jeff Towne Jr.,548 Goldner Knoll,Maximus.Gutmann63@hotmail.com,Shaylee
Annabell_Jenkins55,Miss Monty Mohr,881 Max Prairie,Orlo_Bednar@yahoo.com,Deontae
Porter.Barrows,Gilbert Homenick,415 Flavie Crescent,Clement_Barrows47@yahoo.com,Maximilian
Naomi60,Angel Swift Sr.,88146 Quitzon Passage,Werner_Grant39@yahoo.com,Pearline
Amaya15,Rita Kuvalis V,01440 Noel Stream,Michaela_OKon5@gmail.com,Damaris
Royce.Welch,Zora Wyman,020 Makenzie Harbor,Enos83@yahoo.com,Christina
Christine44,Elisha Eichmann,126 Waters Common,Bettye_Connelly@yahoo.com,Uriah
Reba59,Kaylin Schinner,1176 Dewayne Gateway,Alexandra_Rice@hotmail.com,Alex
Chadd20,Cade Aufderhar,462 Waters Shore,Kenna24@yahoo.com,Randi
Roderick.OKeefe,Beatrice O'Keefe,7209 Cruickshank Streets,Marcelle_Schowalter@hotmail.com,Shany
Declan78,Burdette Considine MD,704 Kovacek Cove,Saige_Schinner0@gmail.com,Judah
Edgar_Frami,Mariah Dicki,6913 Adaline Centers,Wellington73@gmail.com,Wava
Burdette_Jast,Presley Hagenes DDS,06855 Rodger Points,Elmore.Kilback17@yahoo.com,Ramon
Tess92,Dessie Bogan,4977 Rogers Ville,Faustino_Jenkins19@gmail.com,Sabrina
Ernie_Adams59,Aaron Corkery,068 Blair Ville,Elena_Lockman@gmail.com,Rigoberto
Marguerite_Marquardt,Nathaniel Williamson,0242 Eden Shoals,Carmella.Pacocha13@gmail.com,Jonathon
Wilburn.Glover,Damon Orn,048 Bernier Points,Gabe_Bergstrom32@hotmail.com,Kenya
Alexis_Leuschke,Percy Torphy,3105 Eusebio Mills,Alfreda.Feest90@gmail.com,Thaddeus
Melvina.Gorczany,Norene Lowe,64642 Isabel Village,Julie.Erdman61@gmail.com,Arden
Austyn.Watsica,Amiya McCullough,676 Elton Valleys,Alysha.Rempel84@gmail.com,Ofelia
Aracely.Rodriguez,Benjamin Gleason,568 Pierre Cove,Isabella.Bayer@gmail.com,Ayden
Ramiro33,Ross Schuppe,95651 Jeremy Expressway,Trey.Daugherty76@gmail.com,Olaf
Macey39,Kareem Romaguera,591 Morgan Stravenue,Jefferey_Schimmel@yahoo.com,Chauncey
Sylvan_Jast87,Pearlie Heathcote,00453 Bechtelar Park,Greg.Kunde@gmail.com,Elisha
Deja0,Mrs. Otis Collins,61325 Herminio Extension,Queenie.Von@hotmail.com,Nash
Anika.Langworth,Aisha Rutherford,073 Corkery Mountains,Jabari41@hotmail.com,Buster
Tyrel_Langosh,Miss Mary Torphy,262 Newton Mission,Scarlett.Schroeder44@hotmail.com,Jermaine
Myah74,Desiree Mraz DVM,86934 Wyman Spurs,Marilou0@yahoo.com,Fabiola
Mara26,Brook Adams,6182 Davis Track,Marcelino62@yahoo.com,Kari
Isabel.McKenzie,Emie Gutmann,0657 Stanton Tunnel,Jed_Ruecker@hotmail.com,Carmela
Jose_Okuneva36,Anderson Adams,190 Davis Dam,Marian15@yahoo.com,Turner
Marcelo_OConnell,Gina Pagac,080 Hartmann Fall,Annabelle3@yahoo.com,Oma
Ramona.Batz70,Damian Casper,42679 Eliane Isle,Vivienne97@yahoo.com,Robbie
Alexie_Wisoky,Mrs. Hector Ritchie,74778 Emile Tunnel,Jordon.Wuckert@hotmail.com,Nikki
Vicky.Greenholt37,Margret Fahey V,2259 Lowell Throughway,Ted.Bergstrom47@gmail.com,Kian
Neva0,Joannie Pfeffer,989 Dana Way,Kathryne_Bailey@yahoo.com,Liza
Noelia61,Shawna Labadie,76569 Ondricka Ville,Alexis14@gmail.com,Willow
Rowland40,Nicolas Murray,4847 Elyssa Estate,Bernard_Kuvalis@hotmail.com,Grayce
Marcella.Schulist,Libby Fritsch,1954 Wisozk Plaza,Erika29@gmail.com,Caitlyn
Sylvester_Homenick36,Maximus Dickinson,135 Lowell Greens,Troy_Strosin28@gmail.com,Jayda
Dale90,Catherine Casper,84984 Vernice Village,Gerry_Romaguera39@gmail.com,Myah
Austyn.Upton,Mr. Tremaine Weber,9858 Heathcote Center,Tyler.Heathcote@yahoo.com,Tobin
Monty_Koepp,Elisabeth Gorczany DDS,112 Nola Islands,Rosalinda_Gusikowski@gmail.com,Francisca
Lisandro.Bashirian,Ms. Erik Johnson,78719 Wisozk Plains,Kristopher_McLaughlin@yahoo.com,Verdie
Germaine11,Ozella Cole,75058 Cora Park,Westley33@yahoo.com,Gwendolyn
Maxie_Jaskolski,Jeffrey Brakus,2657 Grimes Glen,Fritz16@hotmail.com,Joana
Stevie.Wolff53,Stan Vandervort,033 Shayna Keys,Tiara_Hayes@yahoo.com,Randi
Carson.Lowe59,Chandler O'Reilly,9871 Yundt Plain,Danny46@gmail.com,Fausto
Germaine70,Keyon Goyette I,228 Baumbach Haven,Maxwell_Denesik90@gmail.com,Ardella
Leonardo.Smitham87,Mya Stark,32518 Janick Haven,Aida.Hodkiewicz@hotmail.com,Cesar
Deondre.McCullough77,Dr. Hosea Macejkovic,01839 Edwardo Harbor,Carmine.Ledner@yahoo.com,Cortney
Madisyn.Hegmann,Dariana Little,663 Maximo Passage,Lacey56@hotmail.com,Fern
Kelly.Sauer,Noe Huels,02471 Kaleb Mount,Stephen_Ziemann@hotmail.com,Arch
Reinhold.Kassulke52,Mr. Emmanuelle Huels,25736 Stroman Lane,Clara.Wintheiser87@hotmail.com,Lindsay
Dennis30,Reinhold Corwin,1691 Ryan Mission,Mekhi84@gmail.com,Cassandra
Joana47,Miss Isabell Nicolas,797 Macy Vista,Kip.Haag29@gmail.com,Harley
Ferne.Paucek,Zane Abshire,415 VonRueden Mission,Roman_Dooley@hotmail.com,Jeremy
Idell_Yost31,Jedediah O'Keefe,36047 Beer Rapid,Amber_Schuppe@gmail.com,Paula
Elias.Kertzmann,Hazel Willms,41985 Brett Ferry,Brennon_McKenzie@yahoo.com,Werner
Cheyenne.Rowe,Nicolas Mills,6104 Gerlach Forges,Deontae.Monahan99@gmail.com,Billy
Daphne77,Khalid Parker,7691 Cole Route,Sammie.Feil@yahoo.com,Lynn
Helene.Hilll17,Kayley Runolfsson II,3208 Windler Street,Gerry_OConnell88@hotmail.com,Nola
Sister_Fay92,Lorenz Miller,0775 Mayra Viaduct,Karson.Schaden@hotmail.com,Elody
Hanna.Kohler,Mr. Mervin Rodriguez,422 Lesch Flats,Sandra.Steuber32@yahoo.com,Rudy
Rick_Stanton,Karl Bosco,53442 Eve Lake,Rickie29@hotmail.com,Wilton
Rick47,Nyasia Marvin,6867 Jesus Plains,Ora58@yahoo.com,Anastacio
Audrey.McKenzie17,Felton Kling,5153 Prosacco Rest,Jeanette.Treutel99@gmail.com,Ally
Dawson59,Dave Lueilwitz,93317 Hyatt Isle,Alejandrin78@hotmail.com,Brennon
Corine_Upton,Ocie Kassulke,3966 Gerlach Summit,Eileen_Jerde@hotmail.com,Donato
Aisha_Greenfelder48,Carey Koch,9916 Laverna Vista,Enoch.Howell67@gmail.com,Mossie
Eliane.Tremblay,Beatrice Schulist,5594 Goyette Hill,Bradley.Beier50@gmail.com,Monserrate
Hobart71,Denis Swift,20191 Carissa View,Deonte_Bosco88@gmail.com,Jessyca
Angel_Lockman6,Stanton Halvorson,69119 Walton Overpass,Vernice_Muller@yahoo.com,Dorthy
Denis_Grimes71,Hiram Streich,6022 Reymundo Expressway,Abby.Bogisich46@gmail.com,Nikko
Polly11,Myrtis Kling,6021 Joseph Run,Terrance_Block@yahoo.com,Harrison
Emmet.Reilly26,Johnathan Will,8065 Bridget Mountain,Cheyanne2@yahoo.com,Mya
Kip_Tromp,Brandt Grant,74130 Mills Cove,Norris10@yahoo.com,Dino
Clotilde_Fay,Maddison Casper,1432 Mayert Inlet,Yvonne_Will66@gmail.com,Tia
Betsy.Bednar,Karelle Conroy,568 Leffler Fords,Lowell_Hilll@yahoo.com,Layne
Onie_Reilly,Cristopher Rau,622 Titus Knolls,Gavin.Quitzon@yahoo.com,Doris
Rosalee_Hartmann,Danika Reynolds III,21027 Willis Garden,Rashawn.McGlynn@hotmail.com,Ally
Willard80,Rosina Runte,5208 Vallie Mountains,Jimmy78@yahoo.com,Josie
Skylar34,Laurence Macejkovic,671 Duncan Motorway,Laverna_Labadie@yahoo.com,Mossie
Micah3,Josianne Skiles,5664 William Dam,Ola.Walker@gmail.com,Paris
Letitia_Corkery,Tyrese Sawayn Sr.,153 Eveline Locks,Bernhard.Gislason93@gmail.com,Litzy
Molly.Torp35,Kian Buckridge,858 Martine Garden,Maximo68@gmail.com,Ryann
Nannie_Shields91,Ubaldo Hermiston,60946 Adrien Port,Jamir_Smith71@yahoo.com,Dallas
Makenzie.Stiedemann,Antoinette Jones,0076 Jensen Harbors,Estell_Krajcik@gmail.com,Shad
Noe_Emmerich,Kaden Batz,65986 Kallie Bridge,Jabari.Lubowitz@yahoo.com,Sheridan
Ashtyn87,Garry Ledner,8710 Gislason Isle,Vickie55@gmail.com,Kelley
Prince.Carroll,Dr. Brendan Hintz,26538 Erdman Plains,Kallie74@gmail.com,Lindsay
Hector74,Verlie Flatley,3228 Vada Drive,Shana_Lang@hotmail.com,Haskell
Jordon90,Nona Considine,44545 Oberbrunner Islands,Emely20@gmail.com,Alberto
Felipa_VonRueden20,Jeramy Maggio,16323 Bo Mountains,Alden_Beier@yahoo.com,Margaret
Rafael.Yundt,Lavern Raynor,608 Franecki Canyon,Kacey_Halvorson@yahoo.com,Darrel
Bernhard.Adams39,Lupe Fay,44550 Cali Mills,Taryn.Buckridge@hotmail.com,Darren
Caroline_Stiedemann,Alta Heathcote DVM,19894 Marques Stream,Eduardo32@gmail.com,Sandy
Darryl.Hoeger,Everette Huels MD,61122 Americo Islands,Terrence_Yost@gmail.com,Ansel
Leonard_Hermiston51,Casper Wiegand,024 Reichert Route,Guy_Hane94@gmail.com,Kevon
Uriel.Medhurst,Cynthia Bogan,467 Daniel Parkway,Jeramy_Balistreri29@yahoo.com,Davion
Rosamond.Schmeler84,Faye Zulauf,13781 Boyle Ferry,Pansy.Dibbert@yahoo.com,Green
Cristobal40,Isobel Smitham,32003 Bechtelar Village,Cecelia.Christiansen@yahoo.com,Ottilie
Elissa.Nolan2,Isadore Renner,91400 Heathcote Village,Marlin62@gmail.com,Reba
Raul_Hermiston5,Monserrate Pfannerstill,8561 Reilly Isle,Rhiannon.Hammes84@hotmail.com,Kristian
Chandler_Wolf,Deshaun Huels,771 Nova Oval,Clarabelle60@gmail.com,Claudia
Percy86,Elizabeth Kuhlman,176 Mueller Plains,Reese.Cassin@gmail.com,Mara
Rylee16,Dewitt Jenkins,804 Christiansen Terrace,Henriette.Keeling@gmail.com,Rebecca
Arely.Beier,Maude Veum,41624 Ledner Branch,Shakira52@hotmail.com,Maye
Carlee.Crona,Aurelie Emmerich,53190 Jerde Inlet,Elmore.Zulauf97@gmail.com,Okey
Jocelyn49,Dayna O'Kon,4984 Chet Lakes,King_Moore@gmail.com,Sherman
Ryley.Pfannerstill,Heidi Huel,819 Joanny Key,Remington.Borer55@gmail.com,Nora
Kyle_Denesik,Darrick Jast,6462 Ward Meadows,Avery_Gleason60@hotmail.com,Aubree
Brian6,Dina Bosco,9220 Little Skyway,Kale_Stamm24@hotmail.com,Dortha
Shanny_Cremin21,Trace Bailey,75266 Fermin Groves,Adaline_Kautzer@gmail.com,Ida
Eliane71,Kenna Olson,345 Donnie Fort,Jaylan.Wolf1@gmail.com,Magnolia
Selmer79,Kris Reichert,611 Casimer Passage,Ressie64@hotmail.com,Lonie
Keaton_Maggio12,Kristoffer Price,469 Maye Mount,Tiana.Gleason@hotmail.com,Lucie
Cory.Rowe25,Abdiel Mosciski,9849 Herzog Haven,Cooper.Schmitt39@hotmail.com,Bryana
Ephraim.Kautzer,Hobart Gerlach,2630 Cloyd Mountains,Colby1@yahoo.com,Dayne
Roslyn0,Gianni Glover,2190 Pfannerstill Port,Donnell_Bayer19@hotmail.com,Gerhard
Jayden24,Vesta Schuppe,9612 Mann Well,Cordia54@yahoo.com,Jordi
Pat82,Lavon Blanda,27526 Bahringer Mountain,Tavares_Grant@hotmail.com,Angel
Rodrigo97,Titus Hickle Jr.,669 Willms Rue,Blanche_Mayer89@hotmail.com,Luther
Dalton.Brown40,Bailee Volkman,885 Larson Gardens,Gino.Tremblay41@hotmail.com,Earnestine
Fritz.Kihn,Zackery Larkin,611 Von Plains,Andrew.Stiedemann@gmail.com,Gerry
Blaise60,Andre Langosh,84774 Abbott Pine,Leilani_Hagenes@gmail.com,Vladimir
Casper.Rodriguez,Jaylin Langosh,9331 Alexys Ford,Lia.Brown37@yahoo.com,Connie
Phyllis.Weissnat,Vince Koelpin Jr.,92045 Branson Crossroad,Jennings_Ruecker@yahoo.com,Colleen
Jazmyn78,Annetta Powlowski,7230 Donnelly Knolls,Bridget.Beahan@hotmail.com,Levi
Reece.Little34,Roscoe Renner,25908 Connelly Rest,Doug_King29@gmail.com,Laury
Syble86,Tomasa Connelly,37242 Goodwin Bridge,Ayana.Lubowitz@gmail.com,Clare
Michele_Upton2,Orland Rippin,099 Daugherty Common,Arturo40@hotmail.com,Kameron
Caitlyn.Swift44,Dr. Norval Simonis,8246 Juliet Ferry,Eusebio.Little@gmail.com,Murray
Carmen54,Gerson Breitenberg,6955 Brain Greens,Osvaldo12@hotmail.com,Nolan
Linnea89,Adrien Beier,0366 Harber Key,Kaylah28@gmail.com,Sydney
Ernest_Hessel46,Madie Harris,51654 Cruickshank Corner,Arlie.Ledner44@hotmail.com,Murphy
Destin_Lakin,Josephine Bradtke I,5944 Mozell Wells,Pablo.Upton@yahoo.com,Tobin
Melisa10,Assunta Hudson,720 Wiegand Inlet,Sonny43@gmail.com,Matilde
Elvie_Gottlieb,Fern Bode,818 Annamae Orchard,Telly60@hotmail.com,Brooke
Raul.Rempel0,Adella Rice,68584 Sanford Union,Edwin_Bernhard@hotmail.com,Trace
Willie.Bayer,Rubie Kub,332 Schulist Coves,Jeanie_Runolfsson73@hotmail.com,Frank
Franz.Stanton,Mary Marks,07708 Deontae Pass,Noble66@gmail.com,Kailyn
Sandy3,Mateo O'Hara I,169 Abelardo Mountains,Jameson_Kulas27@hotmail.com,Van
Celestine.Ryan91,Keshawn Nicolas,8441 Estelle Lane,Jazmin_Skiles@yahoo.com,Reilly
Erling98,Ms. Fatima Torphy,76493 Ally Street,Hulda.Kuhn@yahoo.com,Twila
Frank.Hermiston27,Clementine Legros,35919 Annabel Extensions,Aurelio53@hotmail.com,Johnny
Jeramie_Adams,Rozella Reichert,5880 Titus Views,Carli_Johnson34@hotmail.com,Joesph
Lafayette.Breitenberg,Denis Nolan,131 June Springs,Anthony86@hotmail.com,Lawrence
Orie_Frami,Shawna Langworth,5677 Liliane Inlet,Elwyn36@yahoo.com,Holly
Skyla.Kilback5,Christina Brekke,62466 Darlene Road,Celestine_Murray76@yahoo.com,Kamryn
Mckenzie20,Karen Lemke PhD,05821 Dibbert Branch,Darren8@yahoo.com,Wilfredo
Reuben.Wunsch,Edd Reichel,26663 Windler Union,Norbert.Pfeffer94@yahoo.com,Halle
Martine_Raynor40,Mr. Garfield Wiegand,1690 Lehner Tunnel,Judson_Wintheiser87@gmail.com,Samir
Lane.Langworth1,Daryl Pouros,4225 Crooks Burg,Julianne_Murphy41@gmail.com,Eugene
Bertha.Cartwright66,Bert Leannon,711 Herzog Groves,Patience_Reinger60@yahoo.com,Frances
Aniya_Raynor20,Lupe Padberg,72921 Jammie Mission,Audra_Adams@yahoo.com,Idella
Aniyah.Hessel28,Bernice Fay,7096 Brooke Circles,Nedra_Yundt@gmail.com,Nicholas
Aron.Jaskolski,Leilani Walker,6171 Fiona Lake,Barry_Hammes@yahoo.com,Brown
Karlee_Mohr,Tommie Goyette,5743 Rico Glen,Queen.Stark@hotmail.com,Christophe
Clinton_Mosciski38,Derick Rogahn,544 Batz Spur,Rosendo.Quitzon24@hotmail.com,Mae
Osbaldo_Heller42,Chelsie Bailey III,945 Devyn Islands,Roselyn.Volkman64@yahoo.com,Rudolph
Chelsea.Bogan,Jaqueline Satterfield,855 Lionel Cape,Dawn.Swift@yahoo.com,Brain
Jackson_Wunsch51,Jaylan Kiehn,842 Rosemary Green,Willie_Spencer@yahoo.com,Aliza
Desmond25,Gage Witting,3533 Dayana Dale,Myrtle71@gmail.com,Arely
Bobby76,Ali Mraz,87091 Fanny Points,Madge92@hotmail.com,Francesco
Barney.Runolfsdottir,Miracle Hudson,421 Koepp Hill,Olen_Glover79@gmail.com,Jamar
Leanna.Jacobson85,Ewald Collier,40827 Schuppe Fall,Alexis.Ullrich@yahoo.com,Dorthy
Chelsey55,Reyna Koepp,60570 Rachelle Streets,Lysanne.Braun@hotmail.com,Romaine
Bettie16,Morris Gorczany,2431 Fannie Curve,Angela_Mante@hotmail.com,Jacques
Charity.Nitzsche,Willy Erdman,694 Jayme Pines,Demario84@gmail.com,Idell
Fatima.McLaughlin,Garrick Bernier,2890 Saul Place,Marietta91@gmail.com,Brock
Kacie2,Arlie Renner,8570 Sabrina Manor,Camille81@gmail.com,Keenan
Elias_Schimmel9,Patsy Prohaska,3905 Schulist Key,Leatha_Streich@yahoo.com,Andreanne
Clarabelle_Reichel41,Clare Halvorson,506 Don Parkway,Chloe.Weimann@gmail.com,Joe
Brendon.Johnston61,Barney Batz,216 Lakin Summit,Luciano.McLaughlin@hotmail.com,Hertha
Kaela_Simonis3,Trudie Casper,7607 Schulist View,Coralie27@hotmail.com,Austyn
Arnold.Legros82,Haylie Wolf,021 Kara Ways,Dusty.Gorczany83@yahoo.com,Kobe
Reva10,Reynold Harris,102 Lukas Drives,Naomi_Fahey@hotmail.com,Anne
Halie.Sipes,Bailee Zieme,695 Gussie Burg,Ryann42@yahoo.com,Lacy
Kitty99,Moises Bartell,972 Medhurst Fords,Scotty49@gmail.com,Roscoe
Maybelle75,Sarina Mohr,284 Koch Common,Anais_Dietrich71@yahoo.com,Isaias
Emmie30,Leonie Thompson,691 Kuhlman Bypass,Rosa.Lesch70@gmail.com,Forest
Tyreek_Schimmel6,Carleton White,97342 O'Conner Courts,Magdalena_Gerhold@yahoo.com,Garret
Gonzalo.Hand65,Stefanie Quigley,980 Adelle Villages,Gus.Boyer43@hotmail.com,Justen
Roberta66,Leonie O'Connell,732 Blaise Inlet,Travis_Wolf@hotmail.com,Joaquin
Constance85,Davion Kuhn,2199 Sage Mount,Leann1@gmail.com,Anna
Adelbert35,Uriel Jerde,6355 Cassandra Knoll,Eric.Mills@yahoo.com,Rhiannon
Orval.Walker,Toby Casper,6786 Cruickshank Courts,Caterina.Bednar@gmail.com,Christian
Roxanne76,Alexander Hahn,45573 Dario Divide,Walker_Jones52@hotmail.com,Luz
Emma_Mohr76,Vallie Schneider,001 Spinka Valleys,Jermain_Wintheiser88@hotmail.com,Osbaldo
Althea_Hayes,Malvina Cremin,0748 Jacky Parks,Milton_Treutel75@yahoo.com,Bryana
King.Ferry,Eldora Skiles,04382 Dayne Gateway,Dora27@gmail.com,Brook
Jayce_Sporer,Kelsi Labadie Jr.,437 Paolo Fields,Victor.Gerlach84@yahoo.com,Bobbie
Vince_Koch95,Elmira Bartoletti,3292 Tad Mill,Leif.Hammes31@hotmail.com,Kayla
Lambert5,Kylee Quigley,7215 MacGyver Row,Zachariah.Bogan@gmail.com,Karlee
Shanon_Waelchi,Samantha Gleichner,4657 Rosalia Gateway,Reginald_Tromp26@hotmail.com,Kathlyn
Everett_Reilly9,Maximilian Ferry,19552 Cooper Valley,Myrtie36@gmail.com,Genoveva
Robbie_Schowalter,Lula O'Hara,1509 Tania Lake,Helene14@gmail.com,Ashton
Asa_McClure51,Laurine VonRueden,911 Ratke Stravenue,Melissa_Harvey@gmail.com,Burnice
Evie.Kuhlman,Daniela O'Hara,9909 Kiley Haven,Bernie58@gmail.com,Kane
Patience67,Israel Stroman,524 Robert Trace,Jeffery_Rohan28@yahoo.com,Larissa
Johnpaul.Purdy,Lori Hartmann,812 Pacocha Inlet,Kaylah_Orn@hotmail.com,Laurianne
Lucile.Tromp,Laverna Jakubowski,874 Ondricka Curve,Adah_Hahn@gmail.com,Juston
Gage_MacGyver34,Manuel Swift,7144 Alaina Heights,Wilfrid_Haag10@gmail.com,Sterling
Genoveva65,Freida Rippin,697 Meta Pine,Rudolph17@hotmail.com,Dayton
Jedediah_McGlynn,Modesto Orn,45984 Wuckert Branch,Yasmeen43@hotmail.com,Dayana
Maxine.Mayer,Kali Walker,3543 Terence Hills,Myra96@yahoo.com,Raul
Kaden.Kuvalis,Jamey Luettgen,8225 Howard Vista,Cecil.Doyle8@hotmail.com,Marshall
Coy57,Alysa Jast,117 Rolfson Common,Monroe_Monahan20@gmail.com,Janiya
Jeremy.Hand32,Sydnee Lehner IV,1592 Hegmann Well,Nolan_Dibbert@hotmail.com,Alfonzo
Antonia59,Isaiah Armstrong,770 Brice Mount,Kareem_Smitham72@hotmail.com,Era
Wanda65,Rae Schumm Sr.,82102 Hershel Field,Cristina98@gmail.com,Lura
Brain.Kshlerin,Fausto Effertz,825 Gerard Knoll,Bonnie_Beier@hotmail.com,Katheryn
Paolo.Kozey,Anne Batz,44425 Cummerata Villages,Ron15@yahoo.com,Efren
Janick.Howe14,Lucie Bednar,2236 Homenick Course,Tristin21@hotmail.com,Bernard
Lea.Konopelski,Patience McCullough,83479 Ullrich Points,Ike73@hotmail.com,Marilie
Austyn26,Fermin Aufderhar Sr.,4323 Hermann Rest,Sage76@hotmail.com,Declan
Laila.Rice74,Kallie Hand Sr.,2270 Satterfield Loop,Joanie.Hirthe@hotmail.com,Leopold
Hollis.Medhurst52,Raymundo Harris,8833 Hoppe Skyway,Fabiola.Fahey@yahoo.com,Luna
Dejah.Hodkiewicz94,Yessenia Dickens III,4531 Terry Forks,Royal.Botsford64@gmail.com,Gisselle
Heber.Stracke,Arvilla D'Amore III,07891 Brendon Ridges,Rosetta.Ziemann@gmail.com,Jaunita
Seamus_Botsford,Donny Stiedemann,39136 Willa Tunnel,Kaylee46@yahoo.com,Wilmer
Diana_Ryan26,Patricia Friesen MD,703 Kassulke Glens,Keith12@yahoo.com,Bernie
Kaia62,Vanessa Wisoky,446 Emmerich Gateway,Jaime_Ritchie@hotmail.com,Sarah
Morris28,Raleigh Prohaska,672 Willa Plaza,Monserrat.Vandervort79@hotmail.com,Ibrahim
Annie21,Joanne Conn IV,933 Zulauf Avenue,Aron_Glover@gmail.com,Monty
Birdie.Koepp12,Royal Ward,474 Satterfield Unions,Sydnie_McClure6@yahoo.com,Daisha
Wilhelmine.Hartmann,Alex O'Keefe,511 Kevon Place,Shanie_Johnson8@hotmail.com,Candido
Virgie_Bins73,Gerard Gusikowski,423 Ratke Squares,Vida_Wisozk@gmail.com,Kathleen
Bessie.Howe74,Mohammad Emmerich,33580 Odessa Stravenue,Karine87@yahoo.com,Nona
Carli_Glover0,Romaine Auer,77316 Leffler Harbor,Elody_Maggio32@yahoo.com,Theodora
Kirk.Kuhlman,Ms. Hassie Sporer,81557 Gregoria Point,Itzel14@hotmail.com,Esther
Marilie31,Audie Skiles,21492 Herminio Burg,Lizzie11@hotmail.com,Marjolaine
Lelia.Rogahn17,Mikel Fadel,342 Kathlyn Walks,Terrance.Konopelski45@yahoo.com,Domingo
Jasper.Nader,Rudolph Wuckert,41549 Kirlin Rest,Aurore.Kemmer46@gmail.com,Ova
Alia_Watsica,Mathilde Kautzer,479 Fadel Heights,Elliott55@hotmail.com,Corine
Victoria36,Jazlyn Jast,90215 Lemke Drives,Arlo.Kiehn@hotmail.com,Robb
Alycia_Barton6,Nora Kunze,418 Boyle Cliffs,Tony.Ondricka@yahoo.com,Gail
Amir.Ruecker,Zackary Konopelski,56770 Tremblay Flat,Cecile_Medhurst@yahoo.com,Giovani
Daniella.Reichel,Dovie McCullough,73935 Morgan Rapid,August_Lemke7@gmail.com,Ellis
Deja59,Ms. Mafalda Herzog,999 Hegmann Plains,Coralie.Reilly@hotmail.com,Darwin
Ahmed.Kassulke54,Anibal Will I,9107 May Pass,Scottie48@yahoo.com,Efren
Uriah.Bartoletti,Bartholome Heller,87808 Roxane Camp,Kenya_Block@hotmail.com,Elian
Alva90,Wellington Reichert,015 Verner Points,Johnathon_Harris13@gmail.com,Ellen
Arne_Parker,Noemi Leffler,3725 Schaden Lock,Ida_Batz@hotmail.com,Abraham
Dillan.Jones70,Godfrey Barton II,77207 Ondricka Square,Reagan_Gleason6@yahoo.com,Tiana
Tad.McCullough37,Bradford Ullrich,87283 Mafalda Falls,Tyshawn.Cummings@hotmail.com,Wilfredo
Alfonso.Satterfield,Kari Kulas,88665 Aric Haven,Heath87@yahoo.com,Wayne
Gerry.Lynch24,Christelle Kassulke,93109 Mathew Courts,Ethyl60@hotmail.com,Karli
Eino_Cummerata21,Isabel Stoltenberg Sr.,049 Newton Crossroad,Blanca_Kutch@yahoo.com,Meggie
Clarabelle.Osinski,Libbie Ritchie,609 Mayer Cape,Emerson49@gmail.com,Monica
Kyler84,Zack Orn,2808 Gislason Landing,Alberta.Brekke@gmail.com,Vincenza
Deon21,Joy Cruickshank,3394 Senger Motorway,Aiden.Hauck97@yahoo.com,Hiram
Schuyler_Pollich,Carley Fay,1198 Cummings Dam,Donavon.West77@yahoo.com,Elsie
Sigmund.Murphy,Mr. Alphonso Bauch,8466 Goyette Square,Alexys60@gmail.com,Greta
Bernhard8,Christ Fahey,19595 Corkery Summit,Elissa53@yahoo.com,Elaina
Maximillia38,Aliya Koss Sr.,9807 Nayeli Corner,Zackary_Langworth73@gmail.com,Laury
Trystan_Pfeffer,Miss Rupert Johns,0959 Luis Garden,Mortimer.Mayert57@gmail.com,Dashawn
Alexzander.Thiel,Mackenzie Lang,17514 O'Conner Cape,Abbigail2@yahoo.com,Felicia
Raina.Turcotte,Alvah Bauch,381 Russel Groves,Yasmeen.Orn@hotmail.com,Saige
Myles21,Miss Ines Lakin,430 Dangelo Parks,Tanner_Dickens78@hotmail.com,Zora
Trisha_Roberts,Mrs. Annamae Carter,6793 Kathleen Springs,Tara66@hotmail.com,Malika
Cortez42,Kaitlyn Jast,5888 Paucek Roads,Janie.Kris@yahoo.com,April
Luis.Farrell78,Coralie Kuhic,58915 Jevon Bridge,Fleta_Ankunding@yahoo.com,Milan
Izabella95,Savanna Carter,435 Gusikowski Dale,Edyth.Stark82@hotmail.com,Adan
Chet66,Mr. Salma Rutherford,0856 Ned Prairie,Xzavier_Murphy@yahoo.com,Solon
Logan31,Payton Lakin IV,9733 Turner Track,Lillian.Nitzsche12@yahoo.com,Lyda
Destany_Reilly38,Emmet Towne,605 Daugherty Rest,Elias95@hotmail.com,Yolanda
Emelia_Cummings30,Ivah Lebsack,73372 Russel Skyway,Lemuel_Monahan56@gmail.com,Kendra
Jack.Gutmann93,Jamey Lang,4482 Edgardo Shore,Brent_Gusikowski75@yahoo.com,Yasmin
Myra_Kerluke,Dayana Bosco,036 Kailey Mills,Tiffany4@gmail.com,Jackeline
Marge_Thiel51,Liliana VonRueden,943 Willms Fords,Taurean.Kilback@hotmail.com,Beau
Alvena_Wisoky,Camden Grimes,74424 Mercedes Loop,Maximillia.Nikolaus27@hotmail.com,Omer
Serenity_Bernhard70,Earlene Wiegand,7806 Wehner Wall,Rebecca.Streich74@gmail.com,Finn
Hayley71,Bertram Larson,77614 Leone Port,Kiana39@gmail.com,Fabian
Rory91,Ms. Armani Hand,849 Labadie Ways,Omari70@gmail.com,Diamond
Evangeline_Cartwright30,Velma Kessler,4397 Serena Place,Hortense.Wisoky89@yahoo.com,Emile
Marcelino.Price,Corbin Anderson,713 Kathryne Branch,Cade73@hotmail.com,Felicia
Luis_Borer,Hosea Renner,97986 Romaine Ridge,Dagmar0@gmail.com,Millie
Harold_Nolan,Bianka Swaniawski,069 Marlin Mount,Kirstin.Heidenreich76@gmail.com,Lourdes
Kellie11,Janae Bechtelar,43182 Walsh Forges,Donnell_Kuhlman99@hotmail.com,Lucile
Mazie.Ryan3,Hudson Kunze,6671 Huels Inlet,Chesley_Hagenes83@gmail.com,Sid
Maymie_Daniel,Hilton Fadel,28754 Herbert Dam,Raphael_VonRueden49@hotmail.com,Wallace
Hillary42,Christy Stokes,7728 Clement Underpass,Madison37@yahoo.com,Ericka
Luna10,Reymundo MacGyver,41082 Emilie Rest,Baby80@yahoo.com,Janae
Tracey.Kuphal89,Chaya Olson,404 Virginie Lodge,Lydia_Abernathy81@gmail.com,Shania
Dock44,Maxie Hills,569 Lurline Via,Eliezer.Koss36@hotmail.com,Augustus
Colten75,Heidi Medhurst,54970 Marianna Lodge,Narciso58@hotmail.com,Wilton
Helmer_Pouros50,Harmony Bahringer,8922 Clementine Walks,Casimir.Barton57@gmail.com,Cassandre
Pearline.McGlynn,Malinda Ondricka,196 Runolfsson Squares,Athena20@yahoo.com,Roosevelt
Gardner89,Santos Friesen,48862 Bechtelar Spur,Thora.Renner@gmail.com,Sallie
Grayson_Reilly16,Kaylie MacGyver DDS,3402 Stephen Square,Emilio_Roob47@yahoo.com,Adele
Tomasa3,Cleora Gerhold,879 Marta Mission,Samson.Hoppe55@hotmail.com,Juanita
Hyman.Luettgen10,Ramiro King,098 Paucek Mews,Aniya.Larson@yahoo.com,Lucienne
Bette.Jacobson19,Winfield Klein,4925 Kozey Lodge,Matilde.Jones15@hotmail.com,Lilla
Graciela_McLaughlin,Dean Ledner,41591 Amely Brooks,Jimmie.Mann@hotmail.com,Chesley
Aurelie5,Ephraim Fadel,8744 Bell Spur,Francesca.Feest@hotmail.com,Rosella
Dorothea10,Heber Feil,218 Brady Landing,Keshaun.Lehner@hotmail.com,Cordie
Rico51,Jaylon Quitzon,949 Hintz Ford,Alexandrea1@hotmail.com,Freeda
Keely99,Dr. Dasia Flatley,0765 Breitenberg Union,Howell.Rolfson@hotmail.com,Jayme
Lyric.Adams,Dulce Keeling,033 Karley Mall,Avery.Predovic@yahoo.com,Keara
Felicia.Corwin,Sebastian King,3328 Purdy Cove,Marcia.Moen@gmail.com,Carmella
Erling_Upton,Glenna Swift I,51444 Glen Groves,Zelma_Lemke@hotmail.com,Marianne
Elizabeth.Carroll26,Madyson Kreiger,00429 Gerhold Ranch,Douglas_Smith@gmail.com,Nellie
Aurelio.Langworth,Fredrick Farrell,04863 Christina Shoals,Ayana32@yahoo.com,Camila
Hank67,Angeline Bruen,36716 Schmidt Spur,Cory_Spencer46@gmail.com,Graciela
Gianni_Rogahn73,Mrs. Bell Jones,16585 Fisher Mountains,Pink_OConnell@hotmail.com,Cecilia
Donnie90,Krystal Gorczany,401 Lacey Meadow,Marlin_Hayes29@gmail.com,Kade
Julien.Mraz19,Erica Zemlak,568 Medhurst Ridge,Norbert.Pfeffer@yahoo.com,Micheal
Afton_Douglas,Rosanna Gorczany,29346 Terrell Alley,Furman.Durgan32@gmail.com,Khalil
Trenton59,Adrain Sauer,83937 Sean Extensions,Mallie_Heidenreich@hotmail.com,Bartholome
Aurore90,Ambrose Schultz,51082 Barrows Plain,Otho_Gutmann11@gmail.com,Crawford
Dario.Steuber,Alec Baumbach,8620 Mathilde Rapid,Adrianna30@yahoo.com,Loren
Giuseppe_Murray2,Kathryne Glover,35361 Tia Junctions,Vance.Lubowitz@yahoo.com,Christa
Kathryn91,Jadyn Herzog,72653 Lorena Centers,Deshaun_Moore@hotmail.com,Friedrich
Carol.Lindgren16,Dorris Medhurst,0463 Mante Throughway,Rosalind.Greenfelder@gmail.com,Katelyn
Jennings.Weber14,Virginie Willms,96352 Zemlak Via,Angelita.Witting@yahoo.com,Dell
Laisha_Jerde19,Valerie Huel,982 Nicholaus Camp,Araceli18@yahoo.com,Donny
Ervin1,Lonie Miller,8161 Edwin Avenue,Jace84@hotmail.com,Beryl
Timothy.Schinner40,Dena Barrows,1209 Welch Lakes,Eddie.Brakus13@hotmail.com,Velda
Gillian.Zboncak4,Claudine Marks,797 Melissa Plaza,Emanuel_Hyatt@hotmail.com,Corine
Nichole_Heathcote,Gisselle Jast,85941 Collins Cliffs,Ewell_Yundt99@hotmail.com,Isaac
Estrella39,Alvina Donnelly,5916 Fernando Ferry,Adriel.Nicolas96@gmail.com,Charley
Ben30,Dariana Ortiz,66090 Estell Mill,Delmer_Hodkiewicz26@hotmail.com,Osborne
Lulu_Cummerata16,Garett Kiehn,34977 Nannie Prairie,Nash.Breitenberg9@hotmail.com,Soledad
Frank1,Jesus Adams,97558 Heidi Curve,Cristopher.Witting@yahoo.com,Lou
Janessa.Greenfelder,Candice Kuphal,2282 Reichel Passage,Brice.Eichmann46@gmail.com,Pasquale
Pedro.Zieme51,Keven Rohan,9791 Naomi Course,Madge.Stamm@yahoo.com,Felton
Kamille_Bernier,Friedrich Langworth,02449 Homenick Drive,Cassidy_Lind26@yahoo.com,Elijah
Prince.Medhurst,Kaden Lebsack,1782 Huels Green,Emely_Homenick@hotmail.com,Rogelio
Kenyon54,Mitchel Boehm,44370 Craig Flat,Guido.Turner@yahoo.com,Dina
Amy.Johnson41,Blanca Spencer MD,799 Beier Hill,Layla20@hotmail.com,Bradley
Sydnee.Moore,Emerald Simonis III,125 Yost Avenue,Donny.Robel12@yahoo.com,Alysa
Burnice67,Miss Yasmin Kovacek,623 Marlene Prairie,Rodger69@yahoo.com,Kali
Sherwood49,Mrs. Kaylah Schamberger,53649 Ebert Stravenue,Nelda.Ledner87@yahoo.com,Clemmie
Frank_Gerhold,Anabelle Wilderman,03396 Lucius Via,Taurean.Kunze11@yahoo.com,Houston
Mitchell.White83,Kiera Runolfsdottir,725 Murray Cliff,Dominique_Johnson@gmail.com,Zula
Ilene31,Frances Paucek,3318 Favian Isle,Irwin.Kovacek@gmail.com,Thalia
Cassie_Rosenbaum34,Mr. Velda Batz,580 Jarret Points,Kirsten_Wolf41@hotmail.com,Nolan
Leatha_Ziemann,Kristoffer Jacobson,3552 Abbott Stream,Kristin.Goodwin64@yahoo.com,Thea
Paris16,Tierra Heidenreich,152 Grace Squares,Micah50@yahoo.com,Alberto
Calista.Wuckert,Carolyn Cormier,0182 Cremin Trail,Helga_Runolfsdottir@gmail.com,Ettie
Raphael_Harber,Loyce Connelly DVM,8725 Bashirian Fields,Chandler.Block69@yahoo.com,Kale
Estrella89,John Leannon,222 Wade Pines,Enola.Wiza@gmail.com,Warren
Liana47,Brooks Leuschke,9818 Kaela Plaza,Clarabelle_Heaney28@hotmail.com,Reid
Emmet17,Mireille Beahan,73053 Brekke Greens,Magali.Windler@hotmail.com,Horace
Dedric58,Jonas Torphy,34425 Chasity Inlet,Carrie.Kuphal1@hotmail.com,Winona
Triston_Tillman,Leatha Cummings Sr.,033 Lonny Estate,Amelie.Huels65@yahoo.com,Demarcus
Floy.Osinski,Mrs. Ana Mann,413 Leannon Rapid,Aletha_Hilll8@gmail.com,Alek
Annie_OReilly60,Mrs. Franco Larkin,05338 Eliane Viaduct,Mona_Altenwerth45@hotmail.com,Scotty
Gwen84,Lillian Homenick,78819 Green Via,Casper8@hotmail.com,Clifford
Sarina.Adams,Lilian Carter DDS,132 Myah Terrace,Joyce_Halvorson77@yahoo.com,Antone
Jude.Towne3,Mack Cummerata,075 Edd Falls,Dorothy_Lakin16@hotmail.com,Vito
Orin_Crist,Kathleen Olson,82677 Barney Mountain,Jed90@gmail.com,Gretchen
Drew_Schmeler,Cara McClure,986 Schultz Lake,Deshawn94@hotmail.com,Marietta
Kaylah52,Mr. Darron Koss,7718 Arnulfo Shores,Thea62@gmail.com,Alda
Demetrius25,Anderson Zieme,902 Green Junctions,Filiberto_Johns50@hotmail.com,Dagmar
Jaquelin_Keebler,Rocio Wisoky,00681 Natasha Locks,Norma89@yahoo.com,Sadie
Jeff_Hilll37,Elouise Schumm,7052 Emerson Manor,Rebekah_Stanton28@yahoo.com,Shirley
Letha13,Zackery Rogahn II,5987 Bode Forks,Casimer.Treutel@hotmail.com,Kelvin
Wilton.Cronin,Lenny Legros,890 Nathanial Mission,Blair_Walsh50@gmail.com,Marcus
Rocky18,German Farrell,287 Mohr Ramp,Rosetta_Rowe72@yahoo.com,Eloise
Peyton.Spinka,Leanne Paucek,52031 Tyrell Highway,Kaylah.Weber@gmail.com,Lance
Clement.Stracke,Jess Schimmel,432 Beier Field,Ron45@yahoo.com,Myles
Arlie.White8,Demarcus Barrows,82942 Weber Rue,Mohamed_Koss@gmail.com,Myra
Americo_Collins99,Agustin Jacobi,78190 Ruthie Meadow,Nicholaus12@hotmail.com,Rowan
Dorris.Waters,Heath Doyle,153 Shanel Vista,Josianne_Conn52@yahoo.com,Juana
Josianne.Littel,Norris Blanda,1082 Rosalyn Villages,Don.Lang61@hotmail.com,Jarvis
Larue_Gutkowski,Stephon Cremin,995 Stark Centers,Emma35@hotmail.com,Andres
Alize71,Devyn Hintz,80570 Murphy Lakes,Carli54@hotmail.com,Alessandra
Santina50,Ola Shanahan,49315 Aaliyah Cape,Gerald97@gmail.com,Eliseo
Mara_Parker,Estel Cassin II,50869 Hoppe Court,Barry_Barton56@gmail.com,Liliane
Birdie_Reinger,Blanche Reichel,24291 Verdie Cliff,Isabella.McDermott@yahoo.com,Conner
Brook.Bartell47,Mikayla Prohaska,8165 Kaya Plains,Elody69@yahoo.com,Cary
Alice.Cole63,Norma Beer,213 Bosco Lakes,Dejah_Shields61@yahoo.com,Litzy
Jamil_Koss72,Kara Wisozk,4352 Gibson Summit,Kristin85@yahoo.com,Lorenz
Werner46,Clarabelle Halvorson,982 Turner Islands,Alyce_Lakin99@hotmail.com,Susana
London.Leuschke63,Dr. Daija Schimmel,797 Quitzon Mall,Josephine_Hessel@hotmail.com,Eusebio
Bridie_Funk,Dexter Runolfsdottir,78967 Laverna Track,Albert63@yahoo.com,Karolann
Elena_Borer,Russell Funk,712 Alene Hill,Yasmin.Douglas@hotmail.com,Yolanda
Maureen64,Jacey Mosciski,921 Lesch Landing,Mylene57@yahoo.com,Terrill
Baron84,Melba Mohr,8230 Stark Mission,Keanu.Kilback@yahoo.com,Glenna
Brice26,Delphia Dibbert,60304 Bruen Oval,Amanda48@yahoo.com,Toney
Tristin.Fritsch16,Marianna Miller,401 Jamey Ramp,Maggie.Vandervort@hotmail.com,Lila
Kassandra62,Mr. Domenico Greenfelder,296 Alyson Station,Hulda_Homenick4@hotmail.com,Brice
Abigale.Fadel,Emelie MacGyver,74806 Homenick Wall,Harley31@gmail.com,Zelda
Christa_Schuppe70,Unique Roberts,5207 Amani Rue,Ervin14@gmail.com,Marc
Hester_Effertz,Fleta Doyle,39373 Gleason Skyway,Wilma_Ullrich@gmail.com,Mable
Zita_Rodriguez22,Maxie McDermott DDS,10444 Cremin Streets,Joel.Hansen@gmail.com,Spencer
Warren_Stokes,Susan Mohr,633 Pagac Track,Marlene.Armstrong@hotmail.com,Margot
Lois34,Humberto Schaden,5511 Spencer Parkway,Elise_Anderson@hotmail.com,Gail
Ila9,Westley Marquardt,9315 Jaskolski Gardens,Lavon.Steuber@gmail.com,Herman
Tanner.Schoen38,Omer Jakubowski,10257 Earnest Lake,Otis55@yahoo.com,Johann
Laurianne_Hermiston,Cora Collins,538 Roslyn Centers,Alexa_Fay81@hotmail.com,Ricardo
Claire.Toy,Reece O'Reilly MD,3269 Wehner Crest,Keanu92@gmail.com,Aditya
Turner79,Evie Hyatt,915 Cruickshank Cliffs,Merle9@gmail.com,Austin
Alexa_Considine,Isaac Sanford,2201 Boyd Fork,Lelah_Schoen@hotmail.com,Joanie
Owen_Beatty39,Griffin Lowe,168 Schroeder Tunnel,Peggie73@gmail.com,Luciano
Nikita.Fadel,Phyllis Heller,24040 Romaguera Pine,Edwina_Hessel82@yahoo.com,Justyn
Theodora_Gutmann3,Dejuan Romaguera,5452 Justina Skyway,Lois.Boyer77@hotmail.com,Theodore
Peggie.Schumm61,Brown Lockman MD,138 Louvenia Pine,Tania_Miller93@hotmail.com,Stanford
Pearline_Altenwerth85,Sigurd Weimann,9396 Dillon Alley,Glenda_Smith46@hotmail.com,Diamond
Edd_Ruecker,Alvera Windler,51506 Eichmann Fort,Quincy21@yahoo.com,Tiana
Amir.Kreiger,Isadore Bednar,923 Lessie Park,Josie3@hotmail.com,Johanna
Jacques_Kling,Aiden Corwin,0934 Bashirian Lock,Tavares_Blanda@gmail.com,Crystal
Barney_Borer40,Ms. Nikolas Robel,8854 Powlowski Point,Yoshiko63@gmail.com,Lucy
Bertram_Gaylord,Amie Koss,807 Vanessa Cliff,Billie75@hotmail.com,Cristina
Milton56,Coralie Roob,22180 Lesch Plains,Reanna.Kautzer28@hotmail.com,Angelita
Brett_Kutch4,Fabiola Weimann,9611 Joshuah Estate,Dana.Bechtelar@gmail.com,Marty
Rhoda72,Stuart Donnelly,8122 Runolfsdottir Branch,Diana56@gmail.com,Carson
Max.Marvin,Miss Roger Bradtke,778 Mertz Greens,Noble.Gusikowski89@yahoo.com,Samantha
Orville.Spencer60,Graciela Ankunding,8936 Jaquelin Crossing,Alicia_Tromp@yahoo.com,Robbie
Lavonne80,Lucy Rath PhD,06791 Kip Crest,Donald80@hotmail.com,Lauriane
Lorenza.Dietrich81,Bessie Rogahn,1991 Billie Ramp,Chester_Lind58@gmail.com,Baron
Peter52,Rebeka Moen,812 Beier Run,Louvenia_Maggio88@yahoo.com,Edd
Macey.Torp,Aleen Lockman DVM,446 Jast Crescent,Omer_Shanahan15@yahoo.com,Elbert
Tatum69,Roxanne Skiles,0111 Conner Shoals,Genesis.Collier51@yahoo.com,Dorothea
Alejandrin_Kuvalis,Ms. Lonny Jacobi,84455 Trever Extension,Marisa27@hotmail.com,Keely
Norbert_Heller,Mrs. Norberto Spencer,7164 Addison Estate,Queen40@hotmail.com,Abdullah
Rusty42,Donato Conn,39538 Nitzsche Mountains,Macy.Koepp@gmail.com,Sonya
Jaycee_Christiansen60,Daisha Langworth,3779 Heidenreich Vista,Collin57@hotmail.com,Narciso
Aliya.Hegmann93,Maritza Volkman,2620 Giles Estate,Juwan.Kutch59@yahoo.com,Hillard
Crystel.Pagac,Dr. Antwan Bruen,0359 Kub Spring,Janie5@hotmail.com,Chance
Belle.Cruickshank33,Alda Roob IV,517 Stokes Throughway,Max.Heller32@hotmail.com,Mylene
Elsie_Olson,Rhoda Weimann,9130 Maymie Extensions,Josianne.Murazik@yahoo.com,Muriel
America.Hickle,Mozelle Dare,1908 Carroll Drive,Lance.Sporer@yahoo.com,Uriel
Petra.Kub,Maddison Larson,4654 Keebler Expressway,Aaliyah.Koelpin68@hotmail.com,Hugh
Lacy_Bayer,Catalina Balistreri,84869 Jadon Spring,Tommie_Runte39@gmail.com,Monique
Roger_Murray,Theo Robel,3139 Tanya Shores,Estel.Swift@gmail.com,Charlotte
Arnold.Hegmann,Ally Lueilwitz,6451 Shania Camp,Evan56@gmail.com,Fleta
Malika.Nader,Dr. Sterling Hagenes,606 Bergnaum Knoll,Maureen26@yahoo.com,Ricky
Madisen39,Jefferey Cruickshank,300 Flatley Prairie,Nicole46@yahoo.com,Norene
Cordell71,Ellis Goldner V,7591 Olaf Common,Jonathan.Torphy@hotmail.com,Christelle
Allene.Macejkovic,Hyman Treutel,70521 Ally Knolls,Timmy_Senger@hotmail.com,Norris
Juvenal78,Whitney Mohr,98163 Nayeli Estate,Ava.Hodkiewicz@yahoo.com,Jane
Marina.VonRueden,Kobe Hoeger,47081 Daniel Highway,Trisha.Pacocha31@gmail.com,Adelle
Katrine_Jakubowski,Floy Blick,52363 Millie Mountains,Jordy_Pollich33@yahoo.com,Israel
Georgiana.Leannon76,Bobby Dicki DVM,4578 Cassandra Fords,Opal_Hintz@yahoo.com,Lila
Amina_Reilly,Marcella Smitham,79280 Medhurst Glen,Fabian.Ryan@yahoo.com,Darren
Emmalee.Kuvalis87,Rosa Hand,99227 Cristian Fall,Ulices34@yahoo.com,Elinor
Willis50,Marley Rosenbaum,34541 Ara Rue,Manley_McClure@gmail.com,Hilma
Julien_Braun44,Aliya Weimann,1951 Rory Ford,Meaghan_VonRueden67@yahoo.com,Julius
Jamel84,Mrs. Diamond Baumbach,5999 Frankie Parkway,Caroline66@hotmail.com,Joany
Hosea.Jenkins18,Lorine Rosenbaum,5886 Joaquin Manor,Bailey.Wyman@gmail.com,Carley
Loyal77,Betty Stehr,42221 Reinhold Junction,Tyrel_Howell93@gmail.com,Gianni
Noah71,Kathleen Buckridge,187 Rohan Courts,Giovanny3@gmail.com,Uriah
Otto_Donnelly12,Haylie Cormier,570 Lowe Roads,Werner42@gmail.com,Thelma
Darion.Wuckert,Marilou Schuppe,845 Daphney Gardens,Amely.Hirthe@gmail.com,Dawson
Brennon.OKeefe,Lupe Ledner,65884 Stark Forest,Shawna9@gmail.com,Sammie
Carleton3,Wilhelmine Zemlak,73064 Emelia Shoal,Novella_Runolfsdottir@yahoo.com,Chadd
Karlee13,Freddie Gerlach,838 Ryleigh Drives,Oceane99@hotmail.com,Rita
Rosalind47,Zula Kertzmann,347 Heathcote Mountain,Ollie.Rowe@gmail.com,Patsy
Eloisa28,Ignacio Bechtelar,1658 Chauncey Stream,Kathryn_Kiehn12@yahoo.com,Ava
Marisa_Reynolds,Mrs. Yasmin Botsford,1830 Schneider Forge,Janick.Hackett17@gmail.com,Alden
Jay.Green,Kody Stokes,3628 Esteban Trafficway,Van_Grimes96@yahoo.com,Claudia
Oliver.Koch6,Jayson O'Conner,58176 White Crossroad,Belle_Schaefer@yahoo.com,Meda
Carmine14,Monique Yundt,718 Stefan Mountain,Liam22@yahoo.com,Clyde
Nasir14,Deontae Pagac MD,4988 Ledner Route,Ethel_Halvorson0@gmail.com,Moses
Colleen_Hessel4,Lenore Gusikowski,122 Jaron Glen,Wiley_Aufderhar72@yahoo.com,Norbert
Martine27,Bertrand Kuhn,2163 Cartwright Villages,Ulices_Bradtke8@gmail.com,Beverly
Ebony27,Reta Ankunding,241 Keeling Forest,Jillian_White@yahoo.com,Janet
Luis.Green41,Markus Upton,34882 Kautzer Courts,Daisy25@yahoo.com,Tanya
Ana.Dietrich24,Kay Lowe DVM,295 Hermiston Lodge,Rhianna.Lebsack81@gmail.com,Vernon
Heaven62,Aletha Romaguera III,304 Spinka Mountains,Emmy_Terry26@yahoo.com,Ressie
Bailey_Lakin37,Ms. Bernie Borer,958 Addie Summit,Ludwig54@yahoo.com,Conner
Jermain_Cruickshank75,Bethany Johns,7857 Hirthe Ports,Elmer_Tremblay25@hotmail.com,Luz
Kara_Marks93,Allan Lubowitz,4648 Wilkinson Divide,Janet15@hotmail.com,Trudie
Ashton18,Marquis Douglas,438 Durgan Ville,Blake18@yahoo.com,Bethel
Linnie_Bogan81,Otto Torphy II,93223 Tillman Square,Josiah_McGlynn98@hotmail.com,Charlie
Eudora.Willms,Bartholome Lueilwitz,06796 Osinski Ramp,Kailey_Lynch@yahoo.com,Kaitlyn
Darren.Kihn40,Barrett Hilpert,28095 Jabari Road,Kurt_Toy@gmail.com,Remington
Bridie.Gutmann,Lempi Champlin,199 Green Key,Clarissa71@gmail.com,Emmet
Myrna_Gislason55,Noemy Bartell,58439 Trever Curve,Lyda.Pacocha@gmail.com,Letitia
Nash.Boyer46,Danika Jerde,0524 Della Rapids,Delphia_Murazik3@gmail.com,Francisca
Roscoe_Hessel1,Adella Rolfson,3064 Gorczany Villages,Esteban_Moore@hotmail.com,Afton
Karen70,Reid Nikolaus,62815 Reinger Loop,Cesar.Considine24@hotmail.com,Emory
Arvid_Hayes98,America Bruen,507 Jamison Islands,America_Thiel64@hotmail.com,Isabel
Name.Stamm,Bruce Harber,734 Pouros Viaduct,Erik.Gutkowski@hotmail.com,Vicky
Andreane.Pacocha,Michel Langosh,39069 Alison Spring,Antonia_Hayes@gmail.com,Damon
Shany78,Millie Cummerata,818 Leuschke Path,Ivory.Blick@gmail.com,Duncan
Lyla48,Ron Reichert,74517 Nienow Tunnel,Jennings.Wisoky@yahoo.com,Talon
Erwin.Blick74,Janiya Ward,089 Hudson Springs,Amaya_Jones7@yahoo.com,Talia
Rene_Corkery,Retta Kuhic,46726 Bruen Estate,Vern57@yahoo.com,Riley
Cyril13,Monroe Von,46667 Brionna Greens,Ilene.Brakus@gmail.com,Scottie
Dustin.Simonis62,Carli Hermann,2710 Gottlieb Radial,Llewellyn94@gmail.com,Sid
Everardo.Waters,Ariane Hahn,01334 Austen Greens,Dominic46@hotmail.com,Ima
Zelda77,Dayana Franecki,3338 Ashtyn Valleys,Katelin12@gmail.com,Cooper
Kristin20,Ivory Cassin,93313 Parker Greens,Kayla_Schroeder@yahoo.com,Madalyn
Willow55,Constance Runolfsson,65404 Alvis Spur,Jordyn.Braun@hotmail.com,Breana
Maribel_OReilly,Kristopher Gottlieb Sr.,09129 Savion Union,Stanley.Krajcik7@gmail.com,Cassandra
Virgie.Rempel,Judson Mosciski,4546 Teagan Coves,Rashad52@hotmail.com,Cory
Tyrique_Konopelski,Jazlyn Schoen,284 Antonina Place,Nico.Herman55@hotmail.com,Evalyn
Lewis3,Mylene Swift,652 Jewell Alley,Mellie15@hotmail.com,Jared
Amari69,Pamela Dickens,74420 Mariano Trail,Benny_Stracke45@hotmail.com,Leopold
Christa_Gerhold66,Miss Herman Goldner,963 Halvorson Club,Carolyn.Kassulke49@yahoo.com,Pablo
Kory21,Amara Parker,4315 Quinten Brooks,Kane63@hotmail.com,Violet
Asha.Ullrich46,Kelli Schmidt,216 Mario Roads,Adan.McClure@gmail.com,Caleigh
Mavis_McKenzie,Ruth O'Conner,032 Bartoletti Unions,Elmore.Fahey@gmail.com,Charity
Dale.Schinner43,Dr. Markus Beier,451 Christop Brooks,Chesley78@yahoo.com,Tyreek
Horacio7,Leta Towne,077 Ruby Skyway,Tania.Quigley@yahoo.com,Jeramie
Judd.Grant40,Dominique Friesen,0797 Paige Vista,Estel.Reinger35@gmail.com,Delta
Sedrick_Jacobi76,Ena Franecki,7090 Maverick Shores,Jayme.Breitenberg39@yahoo.com,Samson
Samara.Dooley,Sherwood Miller,75577 Nicolas Lodge,Deven.Howell23@yahoo.com,Ozella
Baylee37,Ms. Amparo Ward,91872 Katarina Place,Carmen.Johns@yahoo.com,Keely
Hector77,Frida Breitenberg,82652 Kory Tunnel,Albina.Osinski@yahoo.com,Corine
Abe2,Nicolette Gutmann,97475 Oral Rapid,Sean_Kling@hotmail.com,Chesley
Joe.Schiller,Burnice Jakubowski IV,623 Feil Vista,Aletha59@yahoo.com,Madie
Reynold12,Violette McClure DVM,525 Schmidt Trail,Keven_Bayer@gmail.com,Audrey
Joshua.Wilkinson,Miss Nils Purdy,0285 Carroll Trail,Jeff_Fahey83@gmail.com,Luisa
Alexandria_Torphy91,Samir Stokes,255 Deondre Port,Brain19@yahoo.com,Shannon
Angie89,Jedidiah Sanford,213 Kling Parkway,Bailee.Baumbach19@yahoo.com,Terry
Luigi.Cummings40,Afton Howe,25926 Paolo Neck,Kolby_Boehm@gmail.com,Palma
Davion.Pacocha,Cordie Sporer,73051 Konopelski Isle,Jammie_Heller@gmail.com,Al
Jermaine.Lockman48,Silas Rempel,961 Heathcote Terrace,Sven.Roberts0@yahoo.com,Sam
Hudson.Boyer42,Summer Kling,43720 Halvorson Cliffs,Kristy75@yahoo.com,Shane
Monty.Mayert32,Natalie Armstrong,107 Flossie River,Aaron45@hotmail.com,Lucile
Demetris_Gutkowski61,Imelda Krajcik,04520 Lucinda Court,Blake.Kutch79@hotmail.com,Shirley
Dina30,Julius Monahan,6322 Nolan Burgs,Bethany.Kuhlman@gmail.com,Adolfo
Stephen_Lemke,Rosalyn Hagenes IV,89788 Gay Terrace,Delpha.Wehner@gmail.com,Carolyn
Manley39,Mrs. Howell Weber,44397 Celestine Circles,Jenifer19@yahoo.com,Kurtis
Jayme.Berge4,Forest Wilkinson,523 Brando Springs,Maria39@gmail.com,Elmo
Ezra20,Oliver Jacobs,5825 Glover Corner,Ernest_Jacobs@gmail.com,Harmony
Shaina.Rowe,Reta Bayer,2502 Zboncak Mountains,Jordon0@gmail.com,Breana
Geo.Senger93,Helga Cartwright,765 Schinner Island,Patrick81@gmail.com,Adrianna
Garrison12,Ms. Violet O'Reilly,462 Thad Trail,Davin60@yahoo.com,Toney
Lavonne_Mayer,Miss Judson McLaughlin,3749 Alaina Meadows,Beulah.Flatley93@gmail.com,Leola
Arne_Kertzmann,Jasen Blick,98440 Pouros Expressway,Daryl.Johnson37@hotmail.com,Harry
Emie53,Summer Harris,76111 Feest Islands,Alessandra_Bruen@hotmail.com,Kaleb
Jennie37,Mr. Leopoldo Braun,57407 Odessa Views,Hans83@hotmail.com,Elenor
Casimer_Haag,Wilfredo Schiller,6537 Bins Drive,Ethyl.Rogahn29@gmail.com,Zola
Nicole_Zemlak,Felix Torp,490 Christiansen Station,Kendra_Mertz1@gmail.com,Alessia
Lela.Nader58,Darren Thompson,5747 Bartell Throughway,Garrison64@gmail.com,Joan
Krista_Goodwin55,Janis Luettgen,0629 Sophia Shore,Hassan.Moen@yahoo.com,Clara
Hobart66,Ervin Abernathy,603 Sam Crossroad,Nakia_Veum@gmail.com,Elvera
Vivianne_Gleason81,Freeda Barton,902 Vilma Passage,Augustus.VonRueden50@hotmail.com,Margarita
Elody.Stroman,Madyson Boyle,32789 Heidenreich Divide,Nadia13@gmail.com,Phoebe
Irving25,Vinnie Lakin,6374 Cole Mount,Elisha_Pfannerstill44@hotmail.com,Anna
Alanis.Macejkovic94,Ceasar Schumm,3347 Ondricka Fall,Justine.Wilkinson@hotmail.com,Juvenal
Daphnee_Rau,Mrs. Caleb Hettinger,42216 Cassandra Forge,Marilie68@gmail.com,Tyrel
Lavern.Jakubowski61,Macie Pagac,2147 Brakus Skyway,Bradley16@gmail.com,Clark
Eriberto_Labadie,Kenton Bogan,36007 VonRueden Throughway,Dejah74@yahoo.com,Angela
Maxime39,Maud Green,663 Reina Plaza,Melissa_Hintz38@gmail.com,Sofia
Domenick80,Mac Cummerata,3781 O'Kon Lane,Keaton_Shanahan@hotmail.com,Kody
Hilda_Mueller56,Merl Denesik,5518 Kylie Mountain,Oma_Deckow42@hotmail.com,Ebba
Abigale.DAmore,Connor Koch Jr.,336 Raynor Isle,Ceasar.Feeney@yahoo.com,Montana
Marc_Sipes,Brent Kuphal,8548 Lebsack Path,Conner79@gmail.com,Geoffrey
Kadin_Turcotte,Alford Hahn,629 Andy River,Frederique_Bernier@hotmail.com,Jerrell
Rod_Stokes80,Kip Goldner,707 Manley Throughway,General.Borer@yahoo.com,Krystal
Magnolia_Abshire,Margarett Christiansen,52059 Windler Mission,Mohamed56@gmail.com,Karli
Rhiannon_Stokes30,Beatrice Jaskolski,3600 Roberts Shoal,Joy66@hotmail.com,Darrin
Brandon.Toy40,Brook Dicki,3069 Pouros Manor,Tate.Bechtelar@gmail.com,Jordy
Bettie.Rogahn27,Raymundo Rau,384 Caden Falls,Else64@yahoo.com,Manley
Ewald_Murazik63,Virginie Lindgren DVM,5673 Jakob Passage,Mia35@gmail.com,Rhett
Stanley50,Dax Mraz,581 Liliane Camp,Chyna.Kling@yahoo.com,Katrine
Erich.Stanton,Izabella Wolf,254 Balistreri Plains,Lela22@hotmail.com,Golden
Hobart26,Kaleigh Rutherford IV,1057 Spinka Roads,Monte61@yahoo.com,Neal
Oswald.Walter,Horacio Wunsch,94923 Ullrich Club,Alessandra.Weber50@yahoo.com,Brock
Stephan.Stracke,Yessenia Ondricka,267 Crona Springs,Rebeka.OConner20@gmail.com,Elmore
Callie_Lueilwitz48,Geovanni Casper,50352 Schneider Overpass,Adele21@hotmail.com,Lorine
Tyrese.Jacobson,Miss Laron Johnson,7159 Effertz Rue,Ansley_Abshire@gmail.com,Opal
Gilda43,Donato Kling,244 Audreanne Key,Jennie.Simonis4@gmail.com,Ernest
Zakary.Streich41,Urban Waters,731 Metz Locks,Tess_Kutch76@hotmail.com,Allison
Rico80,Reina Lakin,6202 Theron Cove,Maxine.Hoppe35@yahoo.com,Shyann
Antonia.Anderson,Dr. Kurt Trantow,6690 Raheem Skyway,Stacy_Kemmer76@yahoo.com,Johnpaul
Kenyatta_Deckow83,Will Beatty,42472 Feeney Wall,Adam26@hotmail.com,Favian
Cortez.Quitzon,Chyna Willms,1313 Thiel Mountain,Krystel20@hotmail.com,Monte
Adele_White,Erling Bartoletti,88897 Kreiger Islands,Mozell.Mayert@gmail.com,Lauren
Eliane38,Hilma Sipes,637 Tremblay Highway,Angie29@yahoo.com,Elouise
Dakota.Reynolds43,Mr. Cayla Kohler,08373 Larkin Vista,Stella.Jenkins52@gmail.com,Jeanette
Gertrude_White,Jed West,000 Kennedi Coves,Filomena_McClure8@gmail.com,Myrna
Catalina94,Rhoda Runte,167 Duncan Flats,Bernice_Schuster87@gmail.com,Olaf
Joesph.Eichmann95,Marjory Heller,9862 Arturo Pines,Eldridge_Hills63@yahoo.com,Litzy
Maiya.Quigley69,Mr. Frederik Schmitt,1274 Dorthy Harbors,Jaylon_Schiller67@gmail.com,Forest
Margarete2,Mr. Brenna Murphy,5673 Langosh Walks,Cory.Sipes64@gmail.com,Brody
Merlin74,Natalie McKenzie,9694 Strosin Key,Angela.Wilkinson@hotmail.com,Laurine
Sim.Orn,Miss Dariana Willms,5699 Hintz Track,Leo_Marvin@gmail.com,Geovanny
Krystel.Buckridge,Aric O'Conner IV,1621 Stoltenberg Street,Linnea.OKeefe71@hotmail.com,Tanner
Meghan66,Craig Bernhard,16803 Langosh Branch,Samara_Howe33@gmail.com,Vincenzo
Rubye74,Arden Olson,636 Cartwright Mission,Ronaldo.Price@yahoo.com,Triston
Kurt_Block51,Maci Jenkins,439 Muller Springs,Onie_Blanda@yahoo.com,Tremaine
Zachery_Christiansen42,Mrs. Alba Breitenberg,791 Wendell Hill,Alene64@gmail.com,Helga
Harley.Grady,Miss Joaquin Green,2479 Frami Square,Gerhard68@yahoo.com,Ines
Virgie98,Randy Hansen,57349 Hickle Station,Camilla_Hirthe@hotmail.com,Ashleigh
Daron.Frami,Willie Hansen,9356 Makenzie Summit,Jarod_Veum9@yahoo.com,Vicenta
Violette_Yundt69,Miss Keith Reichel,513 Murphy Oval,Gunner.Robel@gmail.com,Ellie
Lowell_Funk37,Lourdes Heidenreich,005 Hahn Lights,Courtney.Konopelski@gmail.com,Aubree
Emma.Harris81,Norwood Shanahan,342 Marlin Wells,Josue.Cormier@yahoo.com,Clint
Deontae.Corwin10,Dexter Stracke,8479 Savion Grove,Derek.Armstrong@hotmail.com,Hayden
Dena98,Noel Murazik MD,5723 Carroll Highway,Billy.Koss42@gmail.com,Eula
Aileen_Shanahan,Randi Luettgen,5018 Stark Corners,Marjory_Swift91@gmail.com,Deron
Matt.Greenfelder,Sylvia Torphy,44608 Caleigh Plains,Zola_Keeling15@hotmail.com,Meghan
Jett.Bruen,Onie Mertz,2943 Fahey Prairie,Summer_Mertz@hotmail.com,Marie
Angelica.Kunze,Rosemary Veum,81459 Carson Loop,Darrell.Senger@yahoo.com,Nyah
Anya27,Lauriane Feeney,67069 Christiansen Mountain,Terrill.Gorczany43@yahoo.com,Janelle
Lon_Cummerata76,Vivian Bins,73041 Beer Oval,Alva83@hotmail.com,Brown
Lelah10,Eli Keebler Sr.,3617 Kaycee Mews,Lonnie.Gaylord@hotmail.com,Ricky
Eduardo16,Cordell Huel,494 Keara Summit,Evalyn_Bode72@yahoo.com,Adrienne
Chyna47,Jody Legros,74138 Santa Throughway,Nikita_Schuster37@hotmail.com,Lenora
Fletcher80,Franco King,184 Viola Brook,Baby96@gmail.com,Hazle
Jackie.Goldner6,Roderick Haag,517 Streich Gateway,Kathryn_Jacobson@gmail.com,Jennie
Victor_Mills27,Eleanore Goldner,811 Della Rapids,Candido.Heidenreich96@gmail.com,Georgiana
Cynthia_Hammes37,Mrs. Leta Gaylord,3541 Henry Brooks,Berry_Swaniawski@hotmail.com,Ralph
Sandrine_Casper,Roel Bailey,1784 Kiana Lock,Vergie.Pagac@hotmail.com,Blanca
Jackie_Jerde6,Rahul Jones,9682 Gardner Fords,Otto_Mraz@hotmail.com,Marlene
Mona_Becker,Jayden Harber,9490 Rosanna Track,Elza_Rice@hotmail.com,Euna
Edgardo_Bashirian85,Kane Aufderhar,28525 Brock Ferry,Mayra.Upton@yahoo.com,Kolby
Alysson.Rippin,Dock Mosciski,1920 Tatum Fork,Ericka.Klocko60@yahoo.com,Vern
Bella11,Zack Mueller,652 Elwin Mall,Irving49@yahoo.com,Arvilla
Leon_Purdy,Janae Berge,213 Esteban Locks,Thora_Ritchie78@hotmail.com,Triston
Johnpaul.Rolfson,Carli Jones,22299 Leffler Freeway,Issac_Heathcote99@gmail.com,Susie
Hillard.Schinner,Nils Macejkovic,0268 Beer Light,Deon.Hoeger96@gmail.com,Orlando
Icie_Ryan,Dr. Wendell Gleason,90081 Upton Brook,Rebekah_Kuhic76@gmail.com,Gillian
Adrianna.Schuster,Britney Kerluke,3537 Carter Isle,Fatima.Pollich40@yahoo.com,Deborah
Earnest.Blanda40,Miss Malachi Beatty,69955 Hackett Mountain,Delfina.West62@gmail.com,Ashtyn
Alison.Pouros88,Miss Nola Emmerich,40835 Wilhelm Square,Donna87@hotmail.com,Nash
Annie.Yundt,Rhiannon Runolfsson,7871 Wallace Pike,Dina77@yahoo.com,Evelyn
Marjory_Schroeder,Hillary Luettgen,27192 Judah Summit,Zakary_Funk@yahoo.com,Liliana
Deangelo29,Marisa Beier,79780 Bobby Motorway,Eda_Kirlin20@yahoo.com,Ralph
Ryleigh28,Amaya Kuhlman,8467 Ivah Groves,Jonathon.Breitenberg29@hotmail.com,Bertrand
Einar.Emmerich,Lila Schulist,5650 Shirley Camp,Dimitri76@hotmail.com,Claudie
Elda49,Maxie Pagac,31847 Kilback Islands,Charlotte.Lind@hotmail.com,Lisandro
Kali.Keeling29,Warren Cruickshank,5639 Barton Plains,Lelia_Kiehn@gmail.com,Emilio
Melissa5,Betsy Lockman,262 Cummerata Avenue,Valentin.Williamson@hotmail.com,Kay
Rosalia54,Ramona Koch,26622 Collier Ford,Buddy.Tillman97@hotmail.com,Julia
Earl_Ledner,Sylvia Thompson,75372 Pollich Harbor,Brennon80@yahoo.com,Viva
Roderick.Yost,Ms. Nola Denesik,01799 Franecki Drive,Autumn_Kutch64@yahoo.com,Ofelia
Susie.Wyman,Neha Keebler,162 Thiel Garden,Corene_Casper@hotmail.com,Sim
Garfield75,Marquis Powlowski,8330 Javonte Viaduct,Benjamin82@hotmail.com,Theo
Jaydon_Spinka,Vaughn Borer III,9866 Irma Islands,Clinton_Schmidt92@yahoo.com,Isobel
Jared_Rohan53,Roselyn Ritchie,23223 Senger Lights,Clara_OKon@hotmail.com,Kamron
Lemuel.Lynch,Dr. Edd Stehr,0911 Zboncak Village,Peyton37@gmail.com,Naomi
Haleigh92,Jaden Leannon,5072 Skiles Village,Alexanne69@yahoo.com,Deja
Darrick_Kautzer51,Gayle Kiehn,4410 Deion Avenue,Jordyn.Bosco@yahoo.com,Beverly
Rubye.Fay,Gus Parisian,46382 Noah Gardens,Adolf.Leffler@yahoo.com,Clement
Kirstin_Ortiz5,Madonna Hand,1231 Emmerich Turnpike,Eddie_Stark2@gmail.com,Kenna
Natalie_Moore60,Pierce Nicolas,30482 Armstrong Street,Rasheed.Hilll85@yahoo.com,Dylan
Florian.Hauck35,Natasha Streich,680 Conroy Curve,Julia_Stehr82@gmail.com,Gage
Paula23,Leanna Strosin,468 Oscar Green,Rex_Crooks@yahoo.com,Bert
Kailyn.Skiles45,Ransom Connelly,9863 Nakia Stravenue,Vincenza_Stoltenberg61@yahoo.com,Wilhelmine
Travon_Gerhold69,Mario Walter,89056 Lia Points,Fiona_Windler@hotmail.com,Dakota
Luigi_Jast,Agustin Nolan,35756 Schuppe Parkways,Daphney.Wolf@hotmail.com,Lurline
Velva.Huels,Laurianne Kunde,556 Litzy Manors,Manuel73@hotmail.com,Chyna
Danyka_Streich84,Cali Nikolaus,700 Edgar Ways,Hope36@hotmail.com,Filiberto
Barney13,Demarcus Walsh,168 Turner Brooks,Mary_Bosco93@yahoo.com,Jeramie
Tyshawn92,Golden Zulauf,1939 Brenden Inlet,Wilfredo_Mills46@yahoo.com,Quinton
Emilio32,Stacy Kuvalis,25568 Hane Flats,Cecelia.Graham@yahoo.com,Bessie
Celia66,Jermey Vandervort,92427 Angelina Track,Mafalda33@gmail.com,Johnny
Caitlyn.Langosh7,Lupe Larkin,497 Jakubowski Creek,Emilia.Lynch79@hotmail.com,Modesta
Stanford49,Rick Barrows IV,736 Jerde Centers,Darrion.Cole@gmail.com,Queen
Kaleb27,Desiree Zulauf,97045 Beahan Port,Walker_Harris92@yahoo.com,Name
Kayla44,Susanna Osinski,1872 Eliza Crossroad,Moshe_Nikolaus@hotmail.com,Shawn
Jonas88,Felipa Howell,890 Klein Summit,Waino.Schulist@hotmail.com,Mitchel
Suzanne_Wehner71,Mr. Amanda Kunde,7060 German Tunnel,Alva49@hotmail.com,Mike
Winnifred_Kihn,Imogene Bergstrom,935 Orrin Trail,Iliana.Larson@gmail.com,Monserrat
Fredy_Parker,Rosetta Lesch,089 Hackett Union,Germaine_Zemlak@yahoo.com,Nicolette
Winston_Aufderhar,Marcelino Tillman,9745 Mateo Via,Yessenia.Ziemann45@hotmail.com,Nicolas
Christelle_DAmore73,Richmond Considine,955 Waters Ranch,Candido0@yahoo.com,Christina
Rocio.Herzog,Flossie Kris,18695 Anibal Underpass,Maxine11@yahoo.com,Wilma
Bernhard26,Davonte Streich,285 Archibald Mall,Lukas.Hermiston23@gmail.com,Brianne
Colt_Walker93,Brook Harber,622 Tremaine Knolls,Marlene65@hotmail.com,Colleen
Mollie_Jerde,Mrs. Conner Bednar,59531 Lemke Manors,Elenora87@hotmail.com,Providenci
Bryon18,Norene Roob,27165 Goldner Ports,Granville_Balistreri86@hotmail.com,Saul
Eusebio_OKeefe49,Jacinto Leannon IV,7191 Leonor Extension,Alene_Leffler96@yahoo.com,Kallie
Vella.Strosin72,Hassan Raynor,1042 Hauck Extension,Larry24@hotmail.com,Meta
Zella.Kassulke13,Schuyler Wyman DVM,044 Justen Street,Dee_Kunde@yahoo.com,Elias
Abbigail_Steuber56,Jarrell Schuppe,82937 Hilll Pass,Myron_Littel@yahoo.com,Jana
Colten_Crona,Howard Konopelski,6511 Antonina Cove,Lawson_Torp63@gmail.com,Delia
Garfield72,Leann Daniel,363 Misty Way,Nathanial.Dickinson1@yahoo.com,Isai
Michele_Carroll5,Deja Bergstrom,3388 Nitzsche Gardens,Darron67@gmail.com,Roscoe
Clemens_Champlin,Dejon Littel,147 Gilberto Courts,Wilfredo17@gmail.com,Weston
Lawson.Pouros,Ottis Jacobi,41077 Reilly Mission,Billy.Marquardt@yahoo.com,Jada
Coralie_Altenwerth60,Angeline Lockman,4467 Wilford Trace,Levi.Pollich72@yahoo.com,Juliet
Everardo74,Turner Leffler,279 Schroeder Glen,Hayley_West@gmail.com,Carrie
Joe.Hirthe,Betsy McGlynn,6028 Auer Vista,Hailee_Morissette56@hotmail.com,Dorian
Evans.Mills,Electa Huel,74905 Abbigail Keys,Francisco.Halvorson@hotmail.com,Tyler
Elnora21,Ms. Bailey Block,324 Bernhard Rapids,Dominic_Cummerata@hotmail.com,Domenica
Rosanna_Hessel16,Dortha Bernhard,098 Daisha Row,Roman_OConner33@hotmail.com,Reba
Kaden54,Louisa Schimmel V,992 Bartoletti Square,Loma_Rogahn87@gmail.com,Jaycee
Sheila_Hamill,Hallie Kuphal MD,73840 Buddy Branch,Kay_Kilback@yahoo.com,Lily
Jordyn_Walker,Yoshiko Stokes,5258 Maritza Mews,Sylvester65@yahoo.com,Amelia
Bernardo.Torp24,Kelsi Strosin,971 Elisa Loaf,Anastacio49@hotmail.com,Yolanda
Richie39,Adolph Bergstrom,4592 Friesen Dam,Gussie_Becker34@yahoo.com,Edgar
Cordia99,Hope Leuschke V,784 Welch Wells,Marilie_Lubowitz@yahoo.com,Luisa
Colby.Reichel58,Jaylon Schmeler,1371 Strosin Summit,Gustave_Jacobson64@gmail.com,Durward
Krista_Herzog64,Tierra Monahan,911 Asa Crescent,Alvena_Baumbach95@yahoo.com,Lurline
Meggie95,Ciara Moen,096 Eugenia Port,Shawn.Trantow@gmail.com,Dolores
Stefan_Hackett,Mike Mann,9429 Lavonne Port,Orpha_Kemmer59@yahoo.com,Arvilla
Demetrius64,Norwood Runolfsson,81032 Josiah Field,Alan10@yahoo.com,Lurline
Kiera_Lueilwitz,Ray Rutherford,36790 Pagac Way,Adriana.Dickens38@gmail.com,Remington
Kevin_Lesch1,Mrs. Cindy Bahringer,60382 Jerde Grove,Doug57@gmail.com,General
Pinkie.Parisian91,Adriel Blick DDS,26264 Scottie Drive,Era2@gmail.com,Alfred
Ignacio.Waelchi29,Jessica Rohan,04199 Clay Trafficway,Vicenta18@yahoo.com,Omer
Kayleigh.Heaney71,Erich Strosin,7854 Cristina Extension,Izabella.Kuhlman58@yahoo.com,Aidan
Leland_Medhurst,Karley Kling,54007 Homenick Parkway,Cordie45@yahoo.com,Antonetta
Hubert_Treutel64,Yazmin Reynolds,04771 Powlowski Stream,Colten7@gmail.com,Lewis
Libby.Lang,Oren Yost,0553 Quinton Ranch,Marques75@yahoo.com,Derick
Danyka.Prohaska,Reid Langosh,876 Sigmund Greens,Pinkie.Schiller@yahoo.com,Niko
Jailyn5,Tillman Towne,9510 Lockman Village,Otto.Tillman13@yahoo.com,Zane
Herminia71,Jettie Walsh IV,0094 Emmerich Inlet,Foster.Ziemann3@yahoo.com,Friedrich
Jennyfer.Paucek45,Elinor Sawayn,6302 Greenfelder Extension,Annamarie.Kuphal@yahoo.com,Modesto
Jaquelin24,Lavonne Lockman,69950 Paul Fields,Alvena70@gmail.com,Izaiah
Lauryn92,Bill Ondricka,36088 Bartell Station,Sierra.Cummings@yahoo.com,Hallie
Audreanne.Hermann65,Bobby Huel,667 Lamont Lodge,Arne_Larkin@hotmail.com,Winfield
Princess_Jaskolski11,Rahsaan Beer,573 Marcelle Hollow,Estelle.Langosh42@gmail.com,Alice
Francesca_Gorczany21,Kirstin Bayer,7943 Harber Causeway,Haskell.Abbott39@hotmail.com,Devin
Demetris40,Thaddeus Brown,47619 Bianka Meadows,Sonny_Brown25@gmail.com,Annabell
Wilson.Towne,Libby Schumm I,681 Nyah Divide,Lola.Wuckert@gmail.com,Orin
Kavon_Stamm30,Kylie Aufderhar,49404 Rocio Village,Bryce8@hotmail.com,Leonor
Talia63,Melissa Witting,198 Jerde Circles,Abelardo.Stracke95@yahoo.com,Gus
Thaddeus.Becker,Brandi Rempel,8533 Ankunding Estate,Luisa_Ankunding@gmail.com,Mose
Hank75,Mrs. Hilton Adams,11666 Bergnaum Forges,Phyllis_Mosciski@yahoo.com,Rosie
Thurman.Kulas,Maeve Becker,9054 Lillie Stream,Judah_McGlynn70@hotmail.com,Aurore
Kailey14,Miss Stefanie Fay,9930 Eloy Crest,Jayme90@gmail.com,Laurie
Grace_Considine,Dr. April Wisoky,23183 Jacobi Forges,Maynard.Murazik@yahoo.com,Isaias
Patsy.Murray96,Audreanne Spinka,94617 Dorothea Loop,Shana_Spencer66@hotmail.com,Chasity
Margie78,Aimee Dibbert,99678 Bertrand Stravenue,Glen_Zieme54@hotmail.com,Jordi
Maurine_Waters,Baron Dooley,820 Ford Prairie,Stuart_Armstrong50@gmail.com,Aniyah
Garfield17,Vicenta McCullough,8960 Robin Extension,Jeff68@gmail.com,Lamar
Esperanza.McClure,Ms. Brenna Schuppe,29393 Melody Camp,Hermina59@hotmail.com,Marietta
Demario45,Gladys Walter,483 Ruecker Row,Devon_Spencer@yahoo.com,Leif
Cleveland_Tremblay20,Georgianna Christiansen,007 Flossie Plains,Walker33@yahoo.com,Providenci
Dejah98,Odell O'Conner,14203 Ryleigh Roads,Isabel.Franecki81@gmail.com,Dustin
Bobby84,Lyda Goyette,719 Walter Causeway,Christelle_Graham56@hotmail.com,Ola
Lewis84,Annamae Hessel,50040 Tyrese Centers,Verla.Jacobson84@hotmail.com,Nikko
Darrel_Nolan,Stacy Yundt,378 Ebert Divide,Faye_Moore@hotmail.com,Wilton
Verner_Romaguera,Miss Eliezer Mitchell,813 Corwin Prairie,Hobart_Ernser63@yahoo.com,Jerry
Cindy.Powlowski,Alek Dooley,944 Gerlach Common,Shanon.Lindgren@hotmail.com,Pearlie
Lauriane19,Nicholas Tremblay,720 DuBuque Meadows,Savannah10@hotmail.com,Maverick
Dwight63,Mr. Arvid Jacobs,268 Fadel Mount,Clarissa67@gmail.com,Corine
Telly88,Reyes Kozey,97364 Carolyn Fall,Halle_Nienow1@yahoo.com,Sincere
Elmer.Moen,Velva Harris,4645 Fredy Key,Brandi99@hotmail.com,Chase
Myrtice_Beier41,Hassan Hilll,70180 Harrison Hollow,Daisha_Mohr76@yahoo.com,Opal
Marcelle_Champlin69,Hailey Romaguera,18445 Crona Union,Terry.Lehner62@hotmail.com,Brock
Reagan99,Simone Walker,72164 DuBuque Light,Bryana_Tremblay@gmail.com,Tavares
Lucinda_Dicki,Mckenzie Gislason,43162 Quitzon Landing,Nedra81@hotmail.com,Libbie
Marty.Luettgen,Marcelina Kertzmann,2444 Efren Pines,Eugenia.Farrell@gmail.com,Adrain
Theresa_Deckow62,Luna Larson,729 Floyd Mill,Cortez_Armstrong12@gmail.com,Jayden
Lauryn39,Marley Farrell III,366 Chauncey Stravenue,Agustin.Kohler@gmail.com,Randal
Kody.Morissette25,Pat Dickens,0241 Jarred Courts,Charlie.Padberg84@gmail.com,Karianne
Tianna.Lueilwitz,Veronica Abernathy,170 Gerhold Streets,Thalia_Strosin71@yahoo.com,Loraine
Sherwood46,Mara Kuvalis,2487 Myrtice Pass,Katherine.Botsford@yahoo.com,Nathanial
Clark_Conroy,Waldo Heaney,699 Wintheiser Manors,Christiana_Botsford@hotmail.com,Godfrey
Celine53,Lenore Hyatt,0709 Alysa Route,Mina93@yahoo.com,Ervin
Ana_Okuneva,Ara Legros,730 Becker Ford,Alvah_Wisoky78@hotmail.com,Levi
Randal.Koch,Rod Gibson,561 Arden Land,Leopold.Harvey66@yahoo.com,Dominique
Petra.Oberbrunner48,Mia Hayes,5149 Hills Wells,Abigail_Ward34@yahoo.com,Robin
Godfrey_Jacobson,Morton Torphy,95376 Jordan Plain,Sabina12@hotmail.com,Blake
Courtney.Walker32,Enid McDermott,07946 Arno Mountains,Lester62@gmail.com,Gene
Mohammad57,Odessa Morissette,62240 Kohler Brook,Josiah79@hotmail.com,Brock
Hans.Aufderhar88,Mrs. Vincenzo Ziemann,7227 Wuckert Summit,Glenna.Dare@hotmail.com,Nick
Ronny14,Abe Kerluke,696 Waters Place,Shaina66@yahoo.com,Lillian
Derek_Lindgren,Brandy Ratke,34476 Sasha Underpass,Isaias.Mann56@yahoo.com,Dana
Florence0,Jamal Lang,842 Harley Wall,Laury.Schmitt@yahoo.com,Kasandra
Marcia.Smith80,Brody Jacobs,60374 Little Pike,Sanford.Swaniawski50@yahoo.com,Karelle
Burdette.Casper,Oswald Schaden,089 Lysanne Forks,Natalie_Boyer@gmail.com,Aron
Lauren_Rosenbaum53,Madilyn Flatley,85844 Elian Road,Yazmin28@hotmail.com,Edmund
Odell.Osinski30,Trevor Schoen II,492 Dillan Square,Nichole_Parisian76@hotmail.com,Shirley
Sean67,Jenifer Feeney,5326 Terry Groves,Rico74@yahoo.com,Cordie
Tina_Kiehn40,Therese Stamm,9179 Carmela Islands,Chasity.Ward0@gmail.com,Vernice
Arturo.Emard26,Lew Kutch,559 Collins Islands,Aubrey_Marquardt14@gmail.com,Dexter
Geovanny_Collier64,Tierra Mitchell,2933 Flatley Harbors,Garrett96@hotmail.com,Dorothy
Christine49,Kim Cremin,1024 Chaim Fort,Erwin.Kautzer29@hotmail.com,Aylin
Mekhi94,Kali Wolf,13733 Breitenberg Flat,Trisha43@gmail.com,Kenneth
Karley79,Veronica Huel,40833 Ruecker Road,Thelma_Friesen@hotmail.com,Catherine
Margaretta23,Alize Pouros,4606 Weber Place,Landen0@yahoo.com,Noel
Gail_Buckridge,Chet Jakubowski I,878 Milo Forges,Danika_Kub@yahoo.com,Samara
Lexie.Shields33,Dr. Oma Torp,358 Reinger Street,Moses.Zboncak44@yahoo.com,Jessika
Maurice42,Rodrick Vandervort,9481 Jo Lakes,Cory.Ledner@gmail.com,Porter
Dusty_Smitham27,Tyrique Stehr,24654 Gerhold Centers,Courtney_Hyatt@yahoo.com,Trevor
Javon_Ward,Glennie Stroman I,860 Wehner Fords,Muriel_Feest@hotmail.com,Dawn
Darren.Spencer8,Rubie Erdman,924 Cassin Station,Joan_Moore4@gmail.com,Coty
Imani_Dicki77,Ova Jaskolski,54112 Blake Extension,Stephania23@yahoo.com,Myron
Liana31,Corbin Langworth,3594 Luciano Falls,Alisha_Ferry@hotmail.com,Alfonzo
Noemi_Luettgen,Marty Huel,17527 Jakubowski Corner,Ezekiel.Goodwin65@yahoo.com,Winona
Elmo.Bernier,Hilda Kuvalis,08406 Janet Wells,Hoyt10@hotmail.com,Hiram
Max.Lebsack,Zelma Schiller,44370 Tyshawn Street,Demetrius43@gmail.com,Nellie
Megane.Keeling,Lavina Shields,700 Lehner Trail,Carmel.McCullough@hotmail.com,Jessica
Erling_Weissnat,Edwin Wuckert,547 Mia Stream,Tiana97@hotmail.com,Morton
Austyn21,Florida Hessel,035 Johnston Road,Cathrine60@hotmail.com,Dario
Silas29,Jordyn Hamill,189 Cormier Junction,Kenneth47@yahoo.com,Heloise
Jaylan_Daniel,Joey Dooley,043 Stoltenberg Valleys,Katelyn.Jacobson@gmail.com,Esmeralda
Emmett98,Alvena Mayert,92703 Renner Viaduct,Elliot.Gleichner@hotmail.com,Benjamin
Garret.Russel,Miss Harold Ziemann,603 Orn Gardens,Obie91@gmail.com,Jose
